011ec_lot,012ec_ouvrage,013ec_localisation,014ec_mode_constructif
GO,POTEAU RECTANGULAIRE,EXTERIEUR,PREFA USINE
GO,POTEAU RECTANGULAIRE,EXTERIEUR,PREFA USINE
GO,POTEAU RECTANGULAIRE,EXTERIEUR,PREFA USINE
GO,POTEAU RECTANGULAIRE,EXTERIEUR,PREFA USINE
GO,POTEAU RECTANGULAIRE,EXTERIEUR,PREFA USINE
GO,POTEAU RECTANGULAIRE,EXTERIEUR,PREFA USINE
GO,POTEAU RECTANGULAIRE,EXTERIEUR,PREFA USINE
GO,POTEAU RECTANGULAIRE,EXTERIEUR,PREFA USINE
GO,POTEAU RECTANGULAIRE,EXTERIEUR,PREFA USINE
GO,POTEAU RECTANGULAIRE,EXTERIEUR,PREFA USINE
GO,POTEAU RECTANGULAIRE,EXTERIEUR,PREFA USINE
GO,POTEAU RECTANGULAIRE,EXTERIEUR,PREFA USINE
GO,POTEAU RECTANGULAIRE,EXTERIEUR,PREFA USINE
GO,POTEAU RECTANGULAIRE,EXTERIEUR,PREFA USINE
GO,POTEAU RECTANGULAIRE,EXTERIEUR,PREFA USINE
GO,POTEAU RECTANGULAIRE,EXTERIEUR,PREFA USINE
GO,POTEAU RECTANGULAIRE,EXTERIEUR,PREFA USINE
GO,POTEAU RECTANGULAIRE,EXTERIEUR,PREFA USINE
GO,POTEAU RECTANGULAIRE,EXTERIEUR,PREFA USINE
GO,POTEAU RECTANGULAIRE,EXTERIEUR,PREFA USINE
GO,POTEAU RECTANGULAIRE,EXTERIEUR,PREFA USINE
GO,POTEAU RECTANGULAIRE,EXTERIEUR,PREFA USINE
GO,POTEAU RECTANGULAIRE,EXTERIEUR,PREFA USINE
GO,POTEAU RECTANGULAIRE,EXTERIEUR,PREFA USINE
GO,POTEAU RECTANGULAIRE,EXTERIEUR,PREFA USINE
GO,POTEAU RECTANGULAIRE,EXTERIEUR,PREFA USINE
GO,POTEAU RECTANGULAIRE,EXTERIEUR,PREFA USINE
GO,POTEAU RECTANGULAIRE,EXTERIEUR,PREFA USINE
GO,POTEAU RECTANGULAIRE,EXTERIEUR,PREFA USINE
GO,POTEAU RECTANGULAIRE,EXTERIEUR,PREFA USINE
GO,POTEAU RECTANGULAIRE,EXTERIEUR,PREFA USINE
GO,POTEAU RECTANGULAIRE,EXTERIEUR,PREFA USINE
GO,POTEAU RECTANGULAIRE,EXTERIEUR,PREFA USINE
GO,POTEAU RECTANGULAIRE,EXTERIEUR,PREFA USINE
GO,POTEAU RECTANGULAIRE,EXTERIEUR,PREFA USINE
GO,POTEAU RECTANGULAIRE,EXTERIEUR,PREFA USINE
GO,POTEAU RECTANGULAIRE,EXTERIEUR,PREFA USINE
GO,POTEAU RECTANGULAIRE,INTERIEUR,BANCHE
GO,POTEAU RECTANGULAIRE,EXTERIEUR,PREFA USINE
GO,POTEAU RECTANGULAIRE,EXTERIEUR,PREFA USINE
GO,POTEAU RECTANGULAIRE,EXTERIEUR,PREFA USINE
GO,POTEAU RECTANGULAIRE,EXTERIEUR,PREFA USINE
GO,POTEAU RECTANGULAIRE,EXTERIEUR,PREFA USINE
GO,POTEAU RECTANGULAIRE,EXTERIEUR,PREFA USINE
GO,POTEAU RECTANGULAIRE,EXTERIEUR,PREFA USINE
GO,POTEAU RECTANGULAIRE,EXTERIEUR,PREFA USINE
GO,POTEAU RECTANGULAIRE,EXTERIEUR,PREFA USINE
GO,POTEAU RECTANGULAIRE,EXTERIEUR,PREFA USINE
GO,POTEAU RECTANGULAIRE,EXTERIEUR,PREFA USINE
GO,POTEAU RECTANGULAIRE,EXTERIEUR,PREFA USINE
GO,POTEAU RECTANGULAIRE,EXTERIEUR,PREFA USINE
GO,POTEAU RECTANGULAIRE,EXTERIEUR,PREFA USINE
GO,POTEAU RECTANGULAIRE,EXTERIEUR,PREFA USINE
GO,POTEAU RECTANGULAIRE,EXTERIEUR,PREFA USINE
GO,POTEAU RECTANGULAIRE,EXTERIEUR,PREFA USINE
GO,POTEAU RECTANGULAIRE,EXTERIEUR,PREFA USINE
GO,POTEAU RECTANGULAIRE,EXTERIEUR,PREFA USINE
GO,POTEAU RECTANGULAIRE,EXTERIEUR,PREFA USINE
GO,POTEAU RECTANGULAIRE,EXTERIEUR,PREFA USINE
GO,POTEAU RECTANGULAIRE,EXTERIEUR,PREFA USINE
GO,POTEAU RECTANGULAIRE,EXTERIEUR,PREFA USINE
GO,POTEAU RECTANGULAIRE,EXTERIEUR,PREFA USINE
GO,POTEAU RECTANGULAIRE,EXTERIEUR,PREFA USINE
GO,POTEAU RECTANGULAIRE,EXTERIEUR,PREFA USINE
GO,POTEAU RECTANGULAIRE,EXTERIEUR,PREFA USINE
GO,POTEAU RECTANGULAIRE,EXTERIEUR,PREFA USINE
GO,POTEAU RECTANGULAIRE,EXTERIEUR,PREFA USINE
GO,POTEAU RECTANGULAIRE,EXTERIEUR,PREFA USINE
GO,POTEAU RECTANGULAIRE,EXTERIEUR,PREFA USINE
GO,POTEAU RECTANGULAIRE,EXTERIEUR,PREFA USINE
GO,POTEAU RECTANGULAIRE,EXTERIEUR,PREFA USINE
GO,POTEAU RECTANGULAIRE,EXTERIEUR,PREFA USINE
GO,POTEAU RECTANGULAIRE,EXTERIEUR,PREFA USINE
GO,POTEAU RECTANGULAIRE,EXTERIEUR,PREFA USINE
GO,POTEAU RECTANGULAIRE,EXTERIEUR,PREFA USINE
GO,POTEAU RECTANGULAIRE,EXTERIEUR,PREFA USINE
GO,POTEAU RECTANGULAIRE,EXTERIEUR,PREFA USINE
GO,POTEAU RECTANGULAIRE,EXTERIEUR,PREFA USINE
GO,POTEAU RECTANGULAIRE,EXTERIEUR,PREFA USINE
GO,POTEAU RECTANGULAIRE,EXTERIEUR,PREFA USINE
GO,POTEAU RECTANGULAIRE,EXTERIEUR,PREFA USINE
GO,POTEAU RECTANGULAIRE,EXTERIEUR,PREFA USINE
GO,POTEAU RECTANGULAIRE,EXTERIEUR,PREFA USINE
GO,POTEAU RECTANGULAIRE,EXTERIEUR,PREFA USINE
GO,POTEAU RECTANGULAIRE,EXTERIEUR,PREFA USINE
GO,POTEAU RECTANGULAIRE,EXTERIEUR,PREFA USINE
GO,POTEAU RECTANGULAIRE,EXTERIEUR,PREFA USINE
GO,POTEAU RECTANGULAIRE,EXTERIEUR,PREFA USINE
GO,POTEAU RECTANGULAIRE,EXTERIEUR,PREFA USINE
GO,POTEAU RECTANGULAIRE,EXTERIEUR,PREFA USINE
GO,POTEAU RECTANGULAIRE,EXTERIEUR,PREFA USINE
GO,POTEAU RECTANGULAIRE,EXTERIEUR,PREFA USINE
GO,POTEAU RECTANGULAIRE,EXTERIEUR,PREFA USINE
GO,POTEAU RECTANGULAIRE,EXTERIEUR,PREFA USINE
GO,POTEAU RECTANGULAIRE,EXTERIEUR,PREFA USINE
GO,POTEAU RECTANGULAIRE,EXTERIEUR,PREFA USINE
GO,POTEAU RECTANGULAIRE,EXTERIEUR,PREFA USINE
GO,POTEAU RECTANGULAIRE,EXTERIEUR,PREFA USINE
GO,POTEAU RECTANGULAIRE,EXTERIEUR,PREFA USINE
GO,POTEAU RECTANGULAIRE,EXTERIEUR,PREFA USINE
GO,POTEAU RECTANGULAIRE,EXTERIEUR,PREFA USINE
GO,POTEAU RECTANGULAIRE,EXTERIEUR,PREFA USINE
GO,POTEAU RECTANGULAIRE,EXTERIEUR,PREFA USINE
GO,POTEAU RECTANGULAIRE,EXTERIEUR,PREFA USINE
GO,POTEAU RECTANGULAIRE,EXTERIEUR,PREFA USINE
GO,POTEAU RECTANGULAIRE,EXTERIEUR,PREFA USINE
GO,POTEAU RECTANGULAIRE,EXTERIEUR,PREFA USINE
GO,POTEAU RECTANGULAIRE,EXTERIEUR,PREFA USINE
GO,POTEAU RECTANGULAIRE,EXTERIEUR,PREFA USINE
GO,POTEAU RECTANGULAIRE,EXTERIEUR,PREFA USINE
GO,POTEAU RECTANGULAIRE,EXTERIEUR,PREFA USINE
GO,POTEAU RECTANGULAIRE,EXTERIEUR,PREFA USINE
GO,POTEAU RECTANGULAIRE,EXTERIEUR,PREFA USINE
GO,POTEAU RECTANGULAIRE,EXTERIEUR,PREFA USINE
GO,POTEAU RECTANGULAIRE,EXTERIEUR,PREFA USINE
GO,POTEAU RECTANGULAIRE,EXTERIEUR,PREFA USINE
GO,POTEAU RECTANGULAIRE,EXTERIEUR,PREFA USINE
GO,POTEAU RECTANGULAIRE,EXTERIEUR,PREFA USINE
GO,POTEAU RECTANGULAIRE,EXTERIEUR,PREFA USINE
GO,POTEAU RECTANGULAIRE,EXTERIEUR,PREFA USINE
GO,POTEAU RECTANGULAIRE,EXTERIEUR,PREFA USINE
GO,POTEAU RECTANGULAIRE,EXTERIEUR,PREFA USINE
GO,POTEAU RECTANGULAIRE,EXTERIEUR,PREFA USINE
GO,POTEAU RECTANGULAIRE,EXTERIEUR,PREFA USINE
GO,POTEAU RECTANGULAIRE,EXTERIEUR,PREFA USINE
GO,POTEAU RECTANGULAIRE,EXTERIEUR,PREFA USINE
GO,POTEAU RECTANGULAIRE,EXTERIEUR,PREFA USINE
GO,POTEAU RECTANGULAIRE,EXTERIEUR,PREFA USINE
GO,POTEAU RECTANGULAIRE,EXTERIEUR,PREFA USINE
GO,POTEAU RECTANGULAIRE,EXTERIEUR,PREFA USINE
GO,POTEAU RECTANGULAIRE,EXTERIEUR,PREFA USINE
GO,POTEAU RECTANGULAIRE,EXTERIEUR,PREFA USINE
GO,POTEAU RECTANGULAIRE,EXTERIEUR,PREFA USINE
GO,POTEAU RECTANGULAIRE,EXTERIEUR,PREFA USINE
GO,POTEAU RECTANGULAIRE,EXTERIEUR,PREFA USINE
GO,POTEAU RECTANGULAIRE,EXTERIEUR,PREFA USINE
GO,POTEAU RECTANGULAIRE,EXTERIEUR,PREFA USINE
GO,POTEAU RECTANGULAIRE,EXTERIEUR,PREFA USINE
GO,POTEAU RECTANGULAIRE,EXTERIEUR,PREFA USINE
GO,POTEAU RECTANGULAIRE,EXTERIEUR,PREFA USINE
GO,POTEAU RECTANGULAIRE,EXTERIEUR,PREFA USINE
GO,POTEAU RECTANGULAIRE,EXTERIEUR,PREFA USINE
GO,POTEAU RECTANGULAIRE,EXTERIEUR,PREFA USINE
GO,POTEAU RECTANGULAIRE,EXTERIEUR,PREFA USINE
GO,POTEAU RECTANGULAIRE,EXTERIEUR,PREFA USINE
GO,POTEAU RECTANGULAIRE,EXTERIEUR,PREFA USINE
GO,POTEAU RECTANGULAIRE,EXTERIEUR,PREFA USINE
GO,POTEAU RECTANGULAIRE,EXTERIEUR,PREFA USINE
GO,POTEAU RECTANGULAIRE,EXTERIEUR,PREFA USINE
GO,POTEAU RECTANGULAIRE,EXTERIEUR,PREFA USINE
GO,POTEAU RECTANGULAIRE,EXTERIEUR,PREFA USINE
GO,POTEAU RECTANGULAIRE,EXTERIEUR,PREFA USINE
GO,POTEAU RECTANGULAIRE,EXTERIEUR,PREFA USINE
GO,POTEAU RECTANGULAIRE,EXTERIEUR,PREFA USINE
GO,POTEAU RECTANGULAIRE,EXTERIEUR,PREFA USINE
GO,POTEAU RECTANGULAIRE,EXTERIEUR,PREFA USINE
GO,POTEAU RECTANGULAIRE,EXTERIEUR,PREFA USINE
GO,POTEAU RECTANGULAIRE,EXTERIEUR,PREFA USINE
GO,POTEAU RECTANGULAIRE,EXTERIEUR,PREFA USINE
GO,POTEAU RECTANGULAIRE,EXTERIEUR,PREFA USINE
GO,POTEAU RECTANGULAIRE,EXTERIEUR,PREFA USINE
GO,POTEAU RECTANGULAIRE,EXTERIEUR,PREFA USINE
GO,POTEAU RECTANGULAIRE,EXTERIEUR,PREFA USINE
GO,POTEAU RECTANGULAIRE,EXTERIEUR,PREFA USINE
GO,POTEAU RECTANGULAIRE,EXTERIEUR,PREFA USINE
GO,POTEAU RECTANGULAIRE,EXTERIEUR,PREFA USINE
GO,POTEAU RECTANGULAIRE,EXTERIEUR,PREFA USINE
GO,POTEAU RECTANGULAIRE,EXTERIEUR,PREFA USINE
GO,POTEAU RECTANGULAIRE,EXTERIEUR,PREFA USINE
GO,POTEAU RECTANGULAIRE,EXTERIEUR,PREFA USINE
GO,POTEAU RECTANGULAIRE,EXTERIEUR,PREFA USINE
GO,POTEAU RECTANGULAIRE,EXTERIEUR,PREFA USINE
GO,POTEAU RECTANGULAIRE,EXTERIEUR,PREFA USINE
GO,POTEAU RECTANGULAIRE,EXTERIEUR,PREFA USINE
GO,POTEAU RECTANGULAIRE,EXTERIEUR,PREFA USINE
GO,POTEAU RECTANGULAIRE,EXTERIEUR,PREFA USINE
GO,POTEAU RECTANGULAIRE,EXTERIEUR,PREFA USINE
GO,POTEAU RECTANGULAIRE,EXTERIEUR,PREFA USINE
GO,POTEAU RECTANGULAIRE,EXTERIEUR,PREFA USINE
GO,POTEAU RECTANGULAIRE,EXTERIEUR,PREFA USINE
GO,POTEAU RECTANGULAIRE,EXTERIEUR,PREFA USINE
GO,POTEAU RECTANGULAIRE,EXTERIEUR,PREFA USINE
GO,POTEAU RECTANGULAIRE,EXTERIEUR,PREFA USINE
GO,POTEAU RECTANGULAIRE,EXTERIEUR,PREFA USINE
GO,POTEAU RECTANGULAIRE,EXTERIEUR,PREFA USINE
GO,POTEAU RECTANGULAIRE,EXTERIEUR,PREFA USINE
GO,POTEAU RECTANGULAIRE,EXTERIEUR,PREFA USINE
GO,POTEAU RECTANGULAIRE,EXTERIEUR,PREFA USINE
GO,POTEAU RECTANGULAIRE,EXTERIEUR,PREFA USINE
GO,POTEAU RECTANGULAIRE,EXTERIEUR,PREFA USINE
GO,POTEAU RECTANGULAIRE,EXTERIEUR,PREFA USINE
GO,POTEAU RECTANGULAIRE,EXTERIEUR,PREFA USINE
GO,POTEAU RECTANGULAIRE,EXTERIEUR,PREFA USINE
GO,POTEAU RECTANGULAIRE,EXTERIEUR,PREFA USINE
GO,POTEAU RECTANGULAIRE,EXTERIEUR,PREFA USINE
GO,POTEAU RECTANGULAIRE,EXTERIEUR,PREFA USINE
GO,POTEAU RECTANGULAIRE,EXTERIEUR,PREFA USINE
GO,POTEAU RECTANGULAIRE,EXTERIEUR,PREFA USINE
GO,POTEAU RECTANGULAIRE,EXTERIEUR,PREFA USINE
GO,POTEAU RECTANGULAIRE,EXTERIEUR,PREFA USINE
GO,POTEAU RECTANGULAIRE,EXTERIEUR,PREFA USINE
GO,POTEAU RECTANGULAIRE,EXTERIEUR,PREFA USINE
GO,POTEAU RECTANGULAIRE,EXTERIEUR,PREFA USINE
GO,POTEAU RECTANGULAIRE,EXTERIEUR,PREFA USINE
GO,POTEAU RECTANGULAIRE,EXTERIEUR,PREFA USINE
GO,POTEAU RECTANGULAIRE,EXTERIEUR,PREFA USINE
GO,POTEAU RECTANGULAIRE,EXTERIEUR,PREFA USINE
GO,POTEAU RECTANGULAIRE,EXTERIEUR,PREFA USINE
GO,POTEAU RECTANGULAIRE,EXTERIEUR,PREFA USINE
GO,POTEAU RECTANGULAIRE,EXTERIEUR,PREFA USINE
GO,POTEAU RECTANGULAIRE,EXTERIEUR,PREFA USINE
GO,POTEAU RECTANGULAIRE,EXTERIEUR,PREFA USINE
GO,POTEAU RECTANGULAIRE,EXTERIEUR,PREFA USINE
GO,POTEAU RECTANGULAIRE,EXTERIEUR,PREFA USINE
GO,POTEAU RECTANGULAIRE,EXTERIEUR,PREFA USINE
GO,POTEAU RECTANGULAIRE,EXTERIEUR,PREFA USINE
GO,POTEAU RECTANGULAIRE,EXTERIEUR,PREFA USINE
GO,POTEAU RECTANGULAIRE,EXTERIEUR,PREFA USINE
GO,POTEAU RECTANGULAIRE,EXTERIEUR,PREFA USINE
GO,POTEAU RECTANGULAIRE,EXTERIEUR,PREFA USINE
GO,POTEAU RECTANGULAIRE,EXTERIEUR,PREFA USINE
GO,POTEAU RECTANGULAIRE,EXTERIEUR,PREFA USINE
GO,POTEAU RECTANGULAIRE,EXTERIEUR,PREFA USINE
GO,POTEAU RECTANGULAIRE,EXTERIEUR,PREFA USINE
GO,POTEAU RECTANGULAIRE,EXTERIEUR,PREFA USINE
GO,POTEAU RECTANGULAIRE,EXTERIEUR,PREFA USINE
GO,POTEAU RECTANGULAIRE,EXTERIEUR,PREFA USINE
GO,POTEAU RECTANGULAIRE,EXTERIEUR,PREFA USINE
GO,POTEAU RECTANGULAIRE,EXTERIEUR,PREFA USINE
GO,POTEAU RECTANGULAIRE,EXTERIEUR,PREFA USINE
GO,POTEAU RECTANGULAIRE,EXTERIEUR,PREFA USINE
GO,POTEAU RECTANGULAIRE,EXTERIEUR,PREFA USINE
GO,POTEAU RECTANGULAIRE,EXTERIEUR,PREFA USINE
GO,POTEAU RECTANGULAIRE,EXTERIEUR,PREFA USINE
GO,POTEAU RECTANGULAIRE,EXTERIEUR,PREFA USINE
GO,POTEAU RECTANGULAIRE,EXTERIEUR,PREFA USINE
GO,POTEAU RECTANGULAIRE,EXTERIEUR,PREFA USINE
GO,POTEAU RECTANGULAIRE,EXTERIEUR,PREFA USINE
GO,POTEAU RECTANGULAIRE,EXTERIEUR,PREFA USINE
GO,POTEAU RECTANGULAIRE,EXTERIEUR,PREFA USINE
GO,POTEAU RECTANGULAIRE,EXTERIEUR,PREFA USINE
GO,POTEAU RECTANGULAIRE,EXTERIEUR,PREFA USINE
GO,POTEAU RECTANGULAIRE,EXTERIEUR,PREFA USINE
GO,POTEAU RECTANGULAIRE,EXTERIEUR,PREFA USINE
GO,POTEAU RECTANGULAIRE,EXTERIEUR,PREFA USINE
GO,POTEAU RECTANGULAIRE,EXTERIEUR,PREFA USINE
GO,POTEAU RECTANGULAIRE,EXTERIEUR,PREFA USINE
GO,POTEAU RECTANGULAIRE,EXTERIEUR,PREFA USINE
GO,POTEAU RECTANGULAIRE,EXTERIEUR,PREFA USINE
GO,POTEAU RECTANGULAIRE,EXTERIEUR,PREFA USINE
GO,POTEAU RECTANGULAIRE,EXTERIEUR,PREFA USINE
GO,POTEAU RECTANGULAIRE,EXTERIEUR,PREFA USINE
GO,POTEAU RECTANGULAIRE,EXTERIEUR,PREFA USINE
GO,POTEAU RECTANGULAIRE,EXTERIEUR,PREFA USINE
GO,POTEAU RECTANGULAIRE,EXTERIEUR,PREFA USINE
GO,POTEAU RECTANGULAIRE,EXTERIEUR,PREFA USINE
GO,POTEAU RECTANGULAIRE,EXTERIEUR,PREFA USINE
GO,POTEAU RECTANGULAIRE,EXTERIEUR,PREFA USINE
GO,POTEAU RECTANGULAIRE,EXTERIEUR,PREFA USINE
GO,POTEAU RECTANGULAIRE,EXTERIEUR,PREFA USINE
GO,POTEAU RECTANGULAIRE,EXTERIEUR,PREFA USINE
GO,POTEAU RECTANGULAIRE,EXTERIEUR,PREFA USINE
GO,POTEAU RECTANGULAIRE,EXTERIEUR,PREFA USINE
GO,POTEAU RECTANGULAIRE,EXTERIEUR,PREFA USINE
GO,POTEAU RECTANGULAIRE,EXTERIEUR,PREFA USINE
GO,POTEAU RECTANGULAIRE,EXTERIEUR,PREFA USINE
GO,POTEAU RECTANGULAIRE,EXTERIEUR,PREFA USINE
GO,POTEAU RECTANGULAIRE,EXTERIEUR,PREFA USINE
GO,POTEAU RECTANGULAIRE,EXTERIEUR,PREFA USINE
GO,POTEAU RECTANGULAIRE,EXTERIEUR,PREFA USINE
GO,POTEAU RECTANGULAIRE,EXTERIEUR,PREFA USINE
GO,POTEAU RECTANGULAIRE,EXTERIEUR,PREFA USINE
GO,POTEAU RECTANGULAIRE,EXTERIEUR,PREFA USINE
GO,POTEAU RECTANGULAIRE,EXTERIEUR,PREFA USINE
GO,POTEAU RECTANGULAIRE,EXTERIEUR,PREFA USINE
GO,POTEAU RECTANGULAIRE,EXTERIEUR,PREFA USINE
GO,POTEAU RECTANGULAIRE,EXTERIEUR,PREFA USINE
GO,POTEAU RECTANGULAIRE,EXTERIEUR,PREFA USINE
GO,POTEAU RECTANGULAIRE,EXTERIEUR,PREFA USINE
GO,POTEAU RECTANGULAIRE,EXTERIEUR,PREFA USINE
GO,POTEAU RECTANGULAIRE,EXTERIEUR,PREFA USINE
GO,POTEAU RECTANGULAIRE,EXTERIEUR,PREFA USINE
GO,POTEAU RECTANGULAIRE,EXTERIEUR,PREFA USINE
GO,POTEAU RECTANGULAIRE,EXTERIEUR,PREFA USINE
GO,POTEAU RECTANGULAIRE,EXTERIEUR,PREFA USINE
GO,POTEAU RECTANGULAIRE,EXTERIEUR,PREFA USINE
GO,POTEAU RECTANGULAIRE,EXTERIEUR,PREFA USINE
GO,POTEAU RECTANGULAIRE,EXTERIEUR,PREFA USINE
GO,POTEAU RECTANGULAIRE,EXTERIEUR,PREFA USINE
GO,POTEAU RECTANGULAIRE,EXTERIEUR,PREFA USINE
GO,POTEAU RECTANGULAIRE,EXTERIEUR,PREFA USINE
GO,POTEAU RECTANGULAIRE,EXTERIEUR,PREFA USINE
GO,POTEAU ANGLE,EXTERIEUR,PREFA USINE
GO,POTEAU ANGLE,EXTERIEUR,PREFA USINE
GO,POTEAU ANGLE,EXTERIEUR,PREFA USINE
GO,POTEAU ANGLE,EXTERIEUR,PREFA USINE
GO,POTEAU ANGLE,EXTERIEUR,PREFA USINE
GO,POTEAU ANGLE,EXTERIEUR,PREFA USINE
GO,POTEAU RECTANGULAIRE,EXTERIEUR,PREFA USINE
GO,POTEAU ANGLE,EXTERIEUR,PREFA USINE
GO,POTEAU ANGLE,EXTERIEUR,PREFA USINE
GO,POTEAU ANGLE,EXTERIEUR,PREFA USINE
GO,POTEAU RECTANGULAIRE,EXTERIEUR,PREFA USINE
GO,POTEAU RECTANGULAIRE,INTERIEUR,BANCHE
GO,POTEAU RECTANGULAIRE,INTERIEUR,BANCHE
GO,POTEAU RECTANGULAIRE,INTERIEUR,BANCHE
GO,POTEAU RECTANGULAIRE,INTERIEUR,BANCHE
GO,POTEAU RECTANGULAIRE,INTERIEUR,BANCHE
GO,POTEAU RECTANGULAIRE,INTERIEUR,BANCHE
GO,POTEAU RECTANGULAIRE,INTERIEUR,BANCHE
GO,POTEAU RECTANGULAIRE,INTERIEUR,BANCHE
GO,POTEAU RECTANGULAIRE,INTERIEUR,BANCHE
GO,POTEAU RECTANGULAIRE,INTERIEUR,BANCHE
GO,POTEAU RECTANGULAIRE,INTERIEUR,BANCHE
GO,POTEAU RECTANGULAIRE,INTERIEUR,BANCHE
GO,POTEAU RECTANGULAIRE,INTERIEUR,BANCHE
GO,POTEAU RECTANGULAIRE,INTERIEUR,BANCHE
GO,POTEAU RECTANGULAIRE,INTERIEUR,BANCHE
GO,POTEAU RECTANGULAIRE,INTERIEUR,BANCHE
GO,POTEAU RECTANGULAIRE,INTERIEUR,BANCHE
GO,POTEAU RECTANGULAIRE,INTERIEUR,BANCHE
GO,POTEAU RECTANGULAIRE,INTERIEUR,BANCHE
GO,POTEAU RECTANGULAIRE,INTERIEUR,BANCHE
GO,POTEAU RECTANGULAIRE,INTERIEUR,BANCHE
GO,POTEAU RECTANGULAIRE,INTERIEUR,BANCHE
GO,POTEAU RECTANGULAIRE,INTERIEUR,BANCHE
GO,POTEAU RECTANGULAIRE,EXTERIEUR,PREFA USINE
GO,POTEAU RECTANGULAIRE,INTERIEUR,BANCHE
GO,POTEAU RECTANGULAIRE,INTERIEUR,BANCHE
GO,POTEAU RECTANGULAIRE,INTERIEUR,BANCHE
GO,POTEAU RECTANGULAIRE,INTERIEUR,BANCHE
GO,POTEAU RECTANGULAIRE,INTERIEUR,BANCHE
GO,POTEAU ANGLE,EXTERIEUR,PREFA USINE
GO,POTEAU ANGLE,EXTERIEUR,PREFA USINE
GO,POTEAU ANGLE,EXTERIEUR,PREFA USINE
GO,POTEAU ANGLE,EXTERIEUR,PREFA USINE
GO,POTEAU RECTANGULAIRE,INTERIEUR,BANCHE
GO,POTEAU RECTANGULAIRE,INTERIEUR,BANCHE
GO,POTEAU RECTANGULAIRE,INTERIEUR,BANCHE
GO,POTEAU RECTANGULAIRE,EXTERIEUR,PREFA USINE
GO,POTEAU RECTANGULAIRE,INTERIEUR,BANCHE
GO,POTEAU RECTANGULAIRE,INTERIEUR,BANCHE
GO,POTEAU RECTANGULAIRE,INTERIEUR,BANCHE
GO,POTEAU RECTANGULAIRE,INTERIEUR,BANCHE
GO,RELEVE,INTERIEUR,BANCHE
GO,RELEVE,INTERIEUR,BANCHE
GO,POTEAU RECTANGULAIRE,INTERIEUR,BANCHE
GO,POTEAU RECTANGULAIRE,INTERIEUR,BANCHE
GO,POTEAU RECTANGULAIRE,INTERIEUR,BANCHE
GO,POTEAU RECTANGULAIRE,INTERIEUR,BANCHE
GO,POTEAU RECTANGULAIRE,INTERIEUR,BANCHE
GO,POTEAU RECTANGULAIRE,INTERIEUR,BANCHE
GO,POTEAU ANGLE,EXTERIEUR,PREFA USINE
GO,POTEAU RECTANGULAIRE,INTERIEUR,BANCHE
GO,POTEAU RECTANGULAIRE,INTERIEUR,BANCHE
GO,POTEAU RECTANGULAIRE,EXTERIEUR,PREFA USINE
GO,POTEAU RECTANGULAIRE,EXTERIEUR,PREFA USINE
GO,POTEAU RECTANGULAIRE,EXTERIEUR,PREFA USINE
GO,POTEAU RECTANGULAIRE,EXTERIEUR,PREFA USINE
GO,POTEAU RECTANGULAIRE,EXTERIEUR,PREFA USINE
GO,POTEAU ANGLE,EXTERIEUR,PREFA USINE
GO,POTEAU RECTANGULAIRE,EXTERIEUR,PREFA USINE
GO,POTEAU RECTANGULAIRE,EXTERIEUR,PREFA USINE
GO,POTEAU RECTANGULAIRE,EXTERIEUR,PREFA USINE
GO,POTEAU RECTANGULAIRE,EXTERIEUR,PREFA USINE
GO,POTEAU RECTANGULAIRE,EXTERIEUR,PREFA USINE
GO,POTEAU ANGLE,EXTERIEUR,PREFA USINE
GO,POTEAU RECTANGULAIRE,EXTERIEUR,PREFA USINE
GO,POTEAU RECTANGULAIRE,EXTERIEUR,PREFA USINE
GO,POTEAU RECTANGULAIRE,EXTERIEUR,PREFA USINE
GO,POTEAU RECTANGULAIRE,EXTERIEUR,PREFA USINE
GO,POTEAU RECTANGULAIRE,EXTERIEUR,PREFA USINE
GO,POTEAU ANGLE,EXTERIEUR,PREFA USINE
GO,RELEVE,INTERIEUR,BANCHE
GO,POTEAU RECTANGULAIRE,EXTERIEUR,PREFA USINE
GO,POTEAU RECTANGULAIRE,EXTERIEUR,PREFA USINE
GO,POTEAU RECTANGULAIRE,EXTERIEUR,PREFA USINE
GO,POTEAU RECTANGULAIRE,EXTERIEUR,PREFA USINE
GO,POTEAU RECTANGULAIRE,EXTERIEUR,PREFA USINE
GO,POTEAU RECTANGULAIRE,EXTERIEUR,PREFA USINE
GO,POTEAU RECTANGULAIRE,EXTERIEUR,PREFA USINE
GO,POTEAU RECTANGULAIRE,EXTERIEUR,PREFA USINE
GO,POTEAU RECTANGULAIRE,EXTERIEUR,PREFA USINE
GO,POTEAU RECTANGULAIRE,EXTERIEUR,PREFA USINE
GO,POTEAU RECTANGULAIRE,EXTERIEUR,PREFA USINE
GO,POTEAU RECTANGULAIRE,EXTERIEUR,PREFA USINE
GO,POTEAU RECTANGULAIRE,EXTERIEUR,PREFA USINE
GO,POTEAU RECTANGULAIRE,EXTERIEUR,PREFA USINE
GO,POTEAU RECTANGULAIRE,EXTERIEUR,PREFA USINE
GO,POTEAU RECTANGULAIRE,EXTERIEUR,PREFA USINE
GO,POTEAU RECTANGULAIRE,EXTERIEUR,PREFA USINE
GO,POTEAU RECTANGULAIRE,EXTERIEUR,PREFA USINE
GO,POTEAU RECTANGULAIRE,EXTERIEUR,PREFA USINE
GO,POTEAU RECTANGULAIRE,EXTERIEUR,PREFA USINE
GO,POTEAU RECTANGULAIRE,EXTERIEUR,PREFA USINE
GO,POTEAU RECTANGULAIRE,EXTERIEUR,PREFA USINE
GO,POTEAU RECTANGULAIRE,EXTERIEUR,PREFA USINE
GO,POTEAU RECTANGULAIRE,EXTERIEUR,PREFA USINE
GO,POTEAU RECTANGULAIRE,EXTERIEUR,PREFA USINE
GO,POTEAU RECTANGULAIRE,EXTERIEUR,PREFA USINE
GO,POTEAU RECTANGULAIRE,EXTERIEUR,PREFA USINE
GO,POTEAU RECTANGULAIRE,EXTERIEUR,PREFA USINE
GO,POTEAU RECTANGULAIRE,EXTERIEUR,PREFA USINE
GO,POTEAU RECTANGULAIRE,EXTERIEUR,PREFA USINE
GO,POTEAU RECTANGULAIRE,EXTERIEUR,PREFA USINE
GO,POTEAU RECTANGULAIRE,EXTERIEUR,PREFA USINE
GO,POTEAU RECTANGULAIRE,EXTERIEUR,PREFA USINE
GO,POTEAU RECTANGULAIRE,EXTERIEUR,PREFA USINE
GO,POTEAU RECTANGULAIRE,EXTERIEUR,PREFA USINE
GO,POTEAU RECTANGULAIRE,EXTERIEUR,PREFA USINE
GO,POTEAU RECTANGULAIRE,EXTERIEUR,PREFA USINE
GO,POTEAU RECTANGULAIRE,EXTERIEUR,PREFA USINE
GO,POTEAU RECTANGULAIRE,EXTERIEUR,PREFA USINE
GO,POTEAU RECTANGULAIRE,EXTERIEUR,PREFA USINE
GO,POTEAU RECTANGULAIRE,EXTERIEUR,PREFA USINE
GO,POTEAU RECTANGULAIRE,EXTERIEUR,PREFA USINE
GO,POTEAU RECTANGULAIRE,EXTERIEUR,PREFA USINE
GO,POTEAU RECTANGULAIRE,EXTERIEUR,PREFA USINE
GO,POTEAU RECTANGULAIRE,EXTERIEUR,PREFA USINE
GO,POTEAU RECTANGULAIRE,EXTERIEUR,PREFA USINE
GO,POTEAU RECTANGULAIRE,EXTERIEUR,PREFA USINE
GO,POTEAU RECTANGULAIRE,EXTERIEUR,PREFA USINE
GO,POTEAU RECTANGULAIRE,EXTERIEUR,PREFA USINE
GO,POTEAU RECTANGULAIRE,EXTERIEUR,PREFA USINE
GO,POTEAU RECTANGULAIRE,EXTERIEUR,PREFA USINE
GO,POTEAU RECTANGULAIRE,EXTERIEUR,PREFA USINE
GO,POTEAU RECTANGULAIRE,EXTERIEUR,PREFA USINE
GO,POTEAU RECTANGULAIRE,EXTERIEUR,PREFA USINE
GO,POTEAU RECTANGULAIRE,EXTERIEUR,PREFA USINE
GO,POTEAU RECTANGULAIRE,EXTERIEUR,PREFA USINE
GO,POTEAU RECTANGULAIRE,EXTERIEUR,PREFA USINE
GO,POTEAU RECTANGULAIRE,EXTERIEUR,PREFA USINE
GO,POTEAU RECTANGULAIRE,EXTERIEUR,PREFA USINE
GO,POTEAU RECTANGULAIRE,EXTERIEUR,PREFA USINE
GO,POTEAU RECTANGULAIRE,EXTERIEUR,PREFA USINE
GO,POTEAU RECTANGULAIRE,EXTERIEUR,PREFA USINE
GO,POTEAU RECTANGULAIRE,EXTERIEUR,PREFA USINE
GO,POTEAU RECTANGULAIRE,EXTERIEUR,PREFA USINE
GO,POTEAU RECTANGULAIRE,EXTERIEUR,PREFA USINE
GO,POTEAU RECTANGULAIRE,EXTERIEUR,PREFA USINE
GO,POTEAU RECTANGULAIRE,EXTERIEUR,PREFA USINE
GO,POTEAU RECTANGULAIRE,EXTERIEUR,PREFA USINE
GO,POTEAU RECTANGULAIRE,EXTERIEUR,PREFA USINE
GO,POTEAU RECTANGULAIRE,EXTERIEUR,PREFA USINE
GO,POTEAU RECTANGULAIRE,EXTERIEUR,PREFA USINE
GO,POTEAU RECTANGULAIRE,EXTERIEUR,PREFA USINE
GO,POTEAU RECTANGULAIRE,EXTERIEUR,PREFA USINE
GO,POTEAU RECTANGULAIRE,EXTERIEUR,PREFA USINE
GO,POTEAU RECTANGULAIRE,EXTERIEUR,PREFA USINE
GO,POTEAU RECTANGULAIRE,EXTERIEUR,PREFA USINE
GO,POTEAU RECTANGULAIRE,EXTERIEUR,PREFA USINE
GO,POTEAU RECTANGULAIRE,EXTERIEUR,PREFA USINE
GO,POTEAU RECTANGULAIRE,EXTERIEUR,PREFA USINE
GO,POTEAU RECTANGULAIRE,EXTERIEUR,PREFA USINE
GO,POTEAU RECTANGULAIRE,EXTERIEUR,PREFA USINE
GO,POTEAU RECTANGULAIRE,EXTERIEUR,PREFA USINE
GO,POTEAU RECTANGULAIRE,EXTERIEUR,PREFA USINE
GO,POTEAU RECTANGULAIRE,EXTERIEUR,PREFA USINE
GO,POTEAU RECTANGULAIRE,EXTERIEUR,PREFA USINE
GO,POTEAU RECTANGULAIRE,EXTERIEUR,PREFA USINE
GO,POTEAU RECTANGULAIRE,EXTERIEUR,PREFA USINE
GO,POTEAU RECTANGULAIRE,EXTERIEUR,PREFA USINE
GO,POTEAU RECTANGULAIRE,EXTERIEUR,PREFA USINE
GO,POTEAU RECTANGULAIRE,EXTERIEUR,PREFA USINE
GO,POTEAU RECTANGULAIRE,EXTERIEUR,PREFA USINE
GO,POTEAU RECTANGULAIRE,EXTERIEUR,PREFA USINE
GO,POTEAU RECTANGULAIRE,EXTERIEUR,PREFA USINE
GO,POTEAU RECTANGULAIRE,EXTERIEUR,PREFA USINE
GO,POTEAU RECTANGULAIRE,EXTERIEUR,PREFA USINE
GO,POTEAU RECTANGULAIRE,EXTERIEUR,PREFA USINE
GO,POTEAU RECTANGULAIRE,EXTERIEUR,PREFA USINE
GO,POTEAU RECTANGULAIRE,EXTERIEUR,PREFA USINE
GO,POTEAU RECTANGULAIRE,EXTERIEUR,PREFA USINE
GO,POTEAU RECTANGULAIRE,EXTERIEUR,PREFA USINE
GO,POTEAU RECTANGULAIRE,EXTERIEUR,PREFA USINE
GO,POTEAU RECTANGULAIRE,EXTERIEUR,PREFA USINE
GO,POTEAU RECTANGULAIRE,EXTERIEUR,PREFA USINE
GO,POTEAU RECTANGULAIRE,EXTERIEUR,PREFA USINE
GO,POTEAU RECTANGULAIRE,EXTERIEUR,PREFA USINE
GO,POTEAU RECTANGULAIRE,EXTERIEUR,PREFA USINE
GO,POTEAU RECTANGULAIRE,EXTERIEUR,PREFA USINE
GO,POTEAU RECTANGULAIRE,EXTERIEUR,PREFA USINE
GO,POTEAU RECTANGULAIRE,EXTERIEUR,PREFA USINE
GO,POTEAU RECTANGULAIRE,EXTERIEUR,PREFA USINE
GO,POTEAU RECTANGULAIRE,EXTERIEUR,PREFA USINE
GO,POTEAU RECTANGULAIRE,EXTERIEUR,PREFA USINE
GO,POTEAU RECTANGULAIRE,EXTERIEUR,PREFA USINE
GO,POTEAU RECTANGULAIRE,EXTERIEUR,PREFA USINE
GO,POTEAU RECTANGULAIRE,EXTERIEUR,PREFA USINE
GO,POTEAU RECTANGULAIRE,EXTERIEUR,PREFA USINE
GO,POTEAU RECTANGULAIRE,EXTERIEUR,PREFA USINE
GO,POTEAU RECTANGULAIRE,EXTERIEUR,PREFA USINE
GO,POTEAU RECTANGULAIRE,EXTERIEUR,PREFA USINE
GO,POTEAU RECTANGULAIRE,EXTERIEUR,PREFA USINE
GO,POTEAU RECTANGULAIRE,EXTERIEUR,PREFA USINE
GO,POTEAU RECTANGULAIRE,EXTERIEUR,PREFA USINE
GO,POTEAU RECTANGULAIRE,EXTERIEUR,PREFA USINE
GO,POTEAU RECTANGULAIRE,EXTERIEUR,PREFA USINE
GO,POTEAU RECTANGULAIRE,EXTERIEUR,PREFA USINE
GO,POTEAU RECTANGULAIRE,EXTERIEUR,PREFA USINE
GO,POTEAU RECTANGULAIRE,EXTERIEUR,PREFA USINE
GO,POTEAU RECTANGULAIRE,EXTERIEUR,PREFA USINE
GO,POTEAU RECTANGULAIRE,EXTERIEUR,PREFA USINE
GO,POTEAU RECTANGULAIRE,EXTERIEUR,PREFA USINE
GO,POTEAU RECTANGULAIRE,EXTERIEUR,PREFA USINE
GO,POTEAU RECTANGULAIRE,EXTERIEUR,PREFA USINE
GO,POTEAU RECTANGULAIRE,EXTERIEUR,PREFA USINE
GO,POTEAU RECTANGULAIRE,EXTERIEUR,PREFA USINE
GO,POTEAU RECTANGULAIRE,EXTERIEUR,PREFA USINE
GO,POTEAU RECTANGULAIRE,EXTERIEUR,PREFA USINE
GO,POTEAU RECTANGULAIRE,EXTERIEUR,PREFA USINE
GO,POTEAU RECTANGULAIRE,EXTERIEUR,PREFA USINE
GO,POTEAU RECTANGULAIRE,EXTERIEUR,PREFA USINE
GO,POTEAU RECTANGULAIRE,EXTERIEUR,PREFA USINE
GO,POTEAU RECTANGULAIRE,EXTERIEUR,PREFA USINE
GO,POTEAU RECTANGULAIRE,EXTERIEUR,PREFA USINE
GO,POTEAU RECTANGULAIRE,EXTERIEUR,PREFA USINE
GO,POTEAU RECTANGULAIRE,EXTERIEUR,PREFA USINE
GO,POTEAU RECTANGULAIRE,EXTERIEUR,PREFA USINE
GO,POTEAU RECTANGULAIRE,EXTERIEUR,PREFA USINE
GO,POTEAU RECTANGULAIRE,EXTERIEUR,PREFA USINE
GO,POTEAU RECTANGULAIRE,EXTERIEUR,PREFA USINE
GO,POTEAU RECTANGULAIRE,EXTERIEUR,PREFA USINE
GO,POTEAU RECTANGULAIRE,EXTERIEUR,PREFA USINE
GO,POTEAU RECTANGULAIRE,EXTERIEUR,PREFA USINE
GO,POTEAU RECTANGULAIRE,EXTERIEUR,PREFA USINE
GO,POTEAU RECTANGULAIRE,EXTERIEUR,PREFA USINE
GO,POTEAU RECTANGULAIRE,EXTERIEUR,PREFA USINE
GO,POTEAU RECTANGULAIRE,EXTERIEUR,PREFA USINE
GO,POTEAU RECTANGULAIRE,EXTERIEUR,PREFA USINE
GO,POTEAU RECTANGULAIRE,EXTERIEUR,PREFA USINE
GO,POTEAU RECTANGULAIRE,EXTERIEUR,PREFA USINE
GO,POTEAU RECTANGULAIRE,EXTERIEUR,PREFA USINE
GO,POTEAU RECTANGULAIRE,EXTERIEUR,PREFA USINE
GO,POTEAU RECTANGULAIRE,EXTERIEUR,PREFA USINE
GO,POTEAU RECTANGULAIRE,EXTERIEUR,PREFA USINE
GO,POTEAU RECTANGULAIRE,EXTERIEUR,PREFA USINE
GO,POTEAU RECTANGULAIRE,EXTERIEUR,PREFA USINE
GO,POTEAU RECTANGULAIRE,EXTERIEUR,PREFA USINE
GO,POTEAU RECTANGULAIRE,EXTERIEUR,PREFA USINE
GO,POTEAU RECTANGULAIRE,EXTERIEUR,PREFA USINE
GO,POTEAU RECTANGULAIRE,EXTERIEUR,PREFA USINE
GO,POTEAU RECTANGULAIRE,EXTERIEUR,PREFA USINE
GO,POTEAU RECTANGULAIRE,EXTERIEUR,PREFA USINE
GO,POTEAU RECTANGULAIRE,EXTERIEUR,PREFA USINE
GO,POTEAU RECTANGULAIRE,EXTERIEUR,PREFA USINE
GO,POTEAU RECTANGULAIRE,EXTERIEUR,PREFA USINE
GO,POTEAU RECTANGULAIRE,EXTERIEUR,PREFA USINE
GO,POTEAU RECTANGULAIRE,EXTERIEUR,PREFA USINE
GO,POTEAU RECTANGULAIRE,EXTERIEUR,PREFA USINE
GO,POTEAU RECTANGULAIRE,EXTERIEUR,PREFA USINE
GO,POTEAU RECTANGULAIRE,EXTERIEUR,PREFA USINE
GO,POTEAU RECTANGULAIRE,EXTERIEUR,PREFA USINE
GO,POTEAU RECTANGULAIRE,EXTERIEUR,PREFA USINE
GO,POTEAU RECTANGULAIRE,EXTERIEUR,PREFA USINE
GO,POTEAU RECTANGULAIRE,INTERIEUR,BANCHE
GO,POTEAU RECTANGULAIRE,INTERIEUR,BANCHE
GO,POTEAU RECTANGULAIRE,INTERIEUR,BANCHE
GO,POTEAU RECTANGULAIRE,INTERIEUR,BANCHE
GO,POTEAU RECTANGULAIRE,INTERIEUR,BANCHE
GO,POTEAU ANGLE,EXTERIEUR,PREFA USINE
GO,POTEAU RECTANGULAIRE,INTERIEUR,BANCHE
GO,POTEAU RECTANGULAIRE,INTERIEUR,BANCHE
GO,POTEAU RECTANGULAIRE,INTERIEUR,BANCHE
GO,POTEAU RECTANGULAIRE,INTERIEUR,BANCHE
GO,POTEAU RECTANGULAIRE,INTERIEUR,BANCHE
GO,POTEAU RECTANGULAIRE,INTERIEUR,BANCHE
GO,POTEAU RECTANGULAIRE,INTERIEUR,BANCHE
GO,POTEAU RECTANGULAIRE,INTERIEUR,BANCHE
GO,POTEAU RECTANGULAIRE,INTERIEUR,BANCHE
GO,POTEAU RECTANGULAIRE,INTERIEUR,BANCHE
GO,POTEAU RECTANGULAIRE,INTERIEUR,BANCHE
GO,POTEAU RECTANGULAIRE,INTERIEUR,BANCHE
GO,POTEAU RECTANGULAIRE,INTERIEUR,BANCHE
GO,POTEAU RECTANGULAIRE,INTERIEUR,BANCHE
GO,POTEAU RECTANGULAIRE,INTERIEUR,BANCHE
GO,POTEAU RECTANGULAIRE,INTERIEUR,BANCHE
GO,POTEAU RECTANGULAIRE,INTERIEUR,BANCHE
GO,POTEAU RECTANGULAIRE,INTERIEUR,BANCHE
GO,POTEAU RECTANGULAIRE,INTERIEUR,BANCHE
GO,POTEAU RECTANGULAIRE,INTERIEUR,BANCHE
GO,POTEAU RECTANGULAIRE,INTERIEUR,BANCHE
GO,POTEAU RECTANGULAIRE,INTERIEUR,BANCHE
GO,POTEAU RECTANGULAIRE,INTERIEUR,BANCHE
GO,POTEAU RECTANGULAIRE,INTERIEUR,BANCHE
GO,POTEAU RECTANGULAIRE,INTERIEUR,BANCHE
GO,POTEAU RECTANGULAIRE,INTERIEUR,BANCHE
GO,POTEAU RECTANGULAIRE,INTERIEUR,BANCHE
GO,POTEAU RECTANGULAIRE,INTERIEUR,BANCHE
GO,POTEAU RECTANGULAIRE,INTERIEUR,BANCHE
GO,POTEAU RECTANGULAIRE,INTERIEUR,BANCHE
GO,POTEAU RECTANGULAIRE,INTERIEUR,BANCHE
GO,POTEAU RECTANGULAIRE,INTERIEUR,BANCHE
GO,POTEAU RECTANGULAIRE,INTERIEUR,BANCHE
GO,POTEAU RECTANGULAIRE,EXTERIEUR,PREFA USINE
GO,POTEAU RECTANGULAIRE,EXTERIEUR,PREFA USINE
GO,POTEAU RECTANGULAIRE,INTERIEUR,BANCHE
GO,POTEAU RECTANGULAIRE,EXTERIEUR,PREFA USINE
GO,POTEAU RECTANGULAIRE,EXTERIEUR,PREFA USINE
GO,POTEAU RECTANGULAIRE,EXTERIEUR,PREFA USINE
GO,POTEAU RECTANGULAIRE,EXTERIEUR,PREFA USINE
GO,POTEAU ANGLE,EXTERIEUR,PREFA USINE
GO,POTEAU ANGLE,EXTERIEUR,PREFA USINE
GO,POTEAU ANGLE,EXTERIEUR,PREFA USINE
GO,POTEAU RECTANGULAIRE,EXTERIEUR,PREFA USINE
GO,POTEAU RECTANGULAIRE,EXTERIEUR,PREFA USINE
GO,POTEAU RECTANGULAIRE,EXTERIEUR,PREFA USINE
GO,POTEAU RECTANGULAIRE,EXTERIEUR,PREFA USINE
GO,POTEAU RECTANGULAIRE,EXTERIEUR,PREFA USINE
GO,POTEAU RECTANGULAIRE,EXTERIEUR,PREFA USINE
GO,POTEAU RECTANGULAIRE,EXTERIEUR,PREFA USINE
GO,POTEAU RECTANGULAIRE,EXTERIEUR,PREFA USINE
GO,POTEAU RECTANGULAIRE,EXTERIEUR,PREFA USINE
GO,POTEAU RECTANGULAIRE,EXTERIEUR,PREFA USINE
GO,POTEAU RECTANGULAIRE,EXTERIEUR,PREFA USINE
GO,POTEAU RECTANGULAIRE,EXTERIEUR,PREFA USINE
GO,POTEAU RECTANGULAIRE,EXTERIEUR,PREFA USINE
GO,POTEAU RECTANGULAIRE,EXTERIEUR,PREFA USINE
GO,POTEAU RECTANGULAIRE,EXTERIEUR,PREFA USINE
GO,POTEAU RECTANGULAIRE,EXTERIEUR,PREFA USINE
GO,POTEAU RECTANGULAIRE,EXTERIEUR,PREFA USINE
GO,POTEAU RECTANGULAIRE,EXTERIEUR,PREFA USINE
GO,POTEAU RECTANGULAIRE,EXTERIEUR,PREFA USINE
GO,POTEAU RECTANGULAIRE,EXTERIEUR,PREFA USINE
GO,POTEAU RECTANGULAIRE,EXTERIEUR,PREFA USINE
GO,POTEAU RECTANGULAIRE,EXTERIEUR,PREFA USINE
GO,POTEAU RECTANGULAIRE,EXTERIEUR,PREFA USINE
GO,POTEAU RECTANGULAIRE,EXTERIEUR,PREFA USINE
GO,POTEAU RECTANGULAIRE,EXTERIEUR,PREFA USINE
GO,POTEAU RECTANGULAIRE,EXTERIEUR,PREFA USINE
GO,POTEAU RECTANGULAIRE,EXTERIEUR,PREFA USINE
GO,POTEAU RECTANGULAIRE,EXTERIEUR,PREFA USINE
GO,POTEAU RECTANGULAIRE,EXTERIEUR,PREFA USINE
GO,POTEAU RECTANGULAIRE,EXTERIEUR,PREFA USINE
GO,POTEAU RECTANGULAIRE,EXTERIEUR,PREFA USINE
GO,POTEAU RECTANGULAIRE,EXTERIEUR,PREFA USINE
GO,POTEAU RECTANGULAIRE,EXTERIEUR,PREFA USINE
GO,POTEAU RECTANGULAIRE,EXTERIEUR,PREFA USINE
GO,POTEAU RECTANGULAIRE,EXTERIEUR,PREFA USINE
GO,POTEAU RECTANGULAIRE,EXTERIEUR,PREFA USINE
GO,POTEAU ANGLE,EXTERIEUR,PREFA USINE
GO,POTEAU RECTANGULAIRE,INTERIEUR,BANCHE
GO,POTEAU ANGLE,EXTERIEUR,PREFA USINE
GO,POTEAU ANGLE,EXTERIEUR,PREFA USINE
GO,POTEAU ANGLE,EXTERIEUR,PREFA USINE
GO,POTEAU ANGLE,EXTERIEUR,PREFA USINE
GO,POTEAU ANGLE,EXTERIEUR,PREFA USINE
GO,POTEAU ANGLE,EXTERIEUR,PREFA USINE
GO,POTEAU ANGLE,EXTERIEUR,PREFA USINE
GO,POTEAU RECTANGULAIRE,EXTERIEUR,PREFA USINE
GO,POTEAU ANGLE,EXTERIEUR,PREFA USINE
GO,POTEAU ANGLE,EXTERIEUR,PREFA USINE
GO,POTEAU RECTANGULAIRE,EXTERIEUR,PREFA USINE
GO,POTEAU RECTANGULAIRE,EXTERIEUR,PREFA USINE
GO,POTEAU RECTANGULAIRE,EXTERIEUR,PREFA USINE
GO,POTEAU RECTANGULAIRE,EXTERIEUR,PREFA USINE
GO,POTEAU ANGLE,EXTERIEUR,PREFA USINE
GO,POTEAU RECTANGULAIRE,INTERIEUR,BANCHE
GO,POTEAU RECTANGULAIRE,INTERIEUR,BANCHE
GO,POTEAU RECTANGULAIRE,INTERIEUR,BANCHE
GO,POTEAU RECTANGULAIRE,INTERIEUR,BANCHE
GO,POTEAU RECTANGULAIRE,INTERIEUR,BANCHE
GO,POTEAU RECTANGULAIRE,EXTERIEUR,PREFA USINE
GO,POTEAU RECTANGULAIRE,EXTERIEUR,PREFA USINE
GO,POTEAU RECTANGULAIRE,EXTERIEUR,PREFA USINE
GO,POTEAU RECTANGULAIRE,EXTERIEUR,PREFA USINE
GO,POTEAU RECTANGULAIRE,EXTERIEUR,PREFA USINE
GO,POTEAU RECTANGULAIRE,EXTERIEUR,PREFA USINE
GO,POTEAU RECTANGULAIRE,EXTERIEUR,PREFA USINE
GO,POTEAU RECTANGULAIRE,INTERIEUR,BANCHE
GO,POTEAU RECTANGULAIRE,INTERIEUR,BANCHE
GO,POTEAU RECTANGULAIRE,INTERIEUR,BANCHE
GO,POTEAU RECTANGULAIRE,INTERIEUR,BANCHE
GO,POTEAU RECTANGULAIRE,INTERIEUR,BANCHE
GO,POTEAU RECTANGULAIRE,INTERIEUR,BANCHE
GO,POTEAU RECTANGULAIRE,INTERIEUR,BANCHE
GO,POTEAU RECTANGULAIRE,INTERIEUR,BANCHE
GO,POTEAU RECTANGULAIRE,INTERIEUR,BANCHE
GO,POTEAU RECTANGULAIRE,INTERIEUR,BANCHE
GO,POTEAU RECTANGULAIRE,EXTERIEUR,PREFA USINE
GO,POTEAU RECTANGULAIRE,EXTERIEUR,PREFA USINE
GO,POTEAU RECTANGULAIRE,EXTERIEUR,PREFA USINE
GO,POTEAU RECTANGULAIRE,EXTERIEUR,PREFA USINE
GO,POTEAU RECTANGULAIRE,EXTERIEUR,PREFA USINE
GO,POTEAU RECTANGULAIRE,EXTERIEUR,PREFA USINE
GO,POTEAU RECTANGULAIRE,EXTERIEUR,PREFA USINE
GO,POTEAU RECTANGULAIRE,EXTERIEUR,PREFA USINE
GO,POTEAU RECTANGULAIRE,EXTERIEUR,PREFA USINE
GO,POTEAU RECTANGULAIRE,EXTERIEUR,PREFA USINE
GO,POTEAU RECTANGULAIRE,EXTERIEUR,PREFA USINE
GO,POTEAU RECTANGULAIRE,EXTERIEUR,PREFA USINE
GO,POTEAU RECTANGULAIRE,EXTERIEUR,PREFA USINE
GO,POTEAU RECTANGULAIRE,EXTERIEUR,PREFA USINE
GO,POTEAU RECTANGULAIRE,EXTERIEUR,PREFA USINE
GO,POTEAU RECTANGULAIRE,INTERIEUR,BANCHE
GO,POTEAU RECTANGULAIRE,INTERIEUR,BANCHE
GO,POTEAU RECTANGULAIRE,INTERIEUR,BANCHE
GO,POTEAU RECTANGULAIRE,INTERIEUR,BANCHE
GO,POTEAU RECTANGULAIRE,INTERIEUR,BANCHE
GO,POTEAU RECTANGULAIRE,INTERIEUR,BANCHE
GO,POTEAU RECTANGULAIRE,INTERIEUR,BANCHE
GO,POTEAU RECTANGULAIRE,INTERIEUR,BANCHE
GO,POTEAU RECTANGULAIRE,INTERIEUR,BANCHE
GO,POTEAU RECTANGULAIRE,EXTERIEUR,PREFA USINE
GO,POTEAU RECTANGULAIRE,EXTERIEUR,PREFA USINE
GO,POTEAU RECTANGULAIRE,EXTERIEUR,PREFA USINE
GO,POTEAU RECTANGULAIRE,EXTERIEUR,PREFA USINE
GO,POTEAU RECTANGULAIRE,EXTERIEUR,PREFA USINE
GO,POTEAU RECTANGULAIRE,EXTERIEUR,PREFA USINE
GO,POTEAU RECTANGULAIRE,EXTERIEUR,PREFA USINE
GO,POTEAU RECTANGULAIRE,EXTERIEUR,PREFA USINE
GO,POTEAU RECTANGULAIRE,EXTERIEUR,PREFA USINE
GO,POTEAU RECTANGULAIRE,EXTERIEUR,PREFA USINE
GO,POTEAU RECTANGULAIRE,EXTERIEUR,PREFA USINE
GO,POTEAU RECTANGULAIRE,EXTERIEUR,PREFA USINE
GO,POTEAU RECTANGULAIRE,INTERIEUR,BANCHE
GO,POTEAU RECTANGULAIRE,INTERIEUR,BANCHE
GO,POTEAU RECTANGULAIRE,INTERIEUR,BANCHE
GO,POTEAU RECTANGULAIRE,INTERIEUR,BANCHE
GO,POTEAU RECTANGULAIRE,INTERIEUR,BANCHE
GO,POTEAU RECTANGULAIRE,INTERIEUR,BANCHE
GO,POTEAU RECTANGULAIRE,INTERIEUR,BANCHE
GO,POTEAU RECTANGULAIRE,EXTERIEUR,PREFA USINE
GO,POTEAU RECTANGULAIRE,EXTERIEUR,PREFA USINE
GO,POTEAU RECTANGULAIRE,EXTERIEUR,PREFA USINE
GO,POTEAU RECTANGULAIRE,EXTERIEUR,PREFA USINE
GO,POTEAU RECTANGULAIRE,EXTERIEUR,PREFA USINE
GO,POTEAU RECTANGULAIRE,EXTERIEUR,PREFA USINE
GO,POTEAU RECTANGULAIRE,EXTERIEUR,PREFA USINE
GO,POTEAU RECTANGULAIRE,EXTERIEUR,PREFA USINE
GO,POTEAU RECTANGULAIRE,EXTERIEUR,PREFA USINE
GO,POTEAU RECTANGULAIRE,EXTERIEUR,PREFA USINE
GO,POTEAU RECTANGULAIRE,EXTERIEUR,PREFA USINE
GO,POTEAU RECTANGULAIRE,EXTERIEUR,PREFA USINE
GO,POTEAU RECTANGULAIRE,EXTERIEUR,PREFA USINE
GO,POTEAU RECTANGULAIRE,INTERIEUR,BANCHE
GO,POTEAU RECTANGULAIRE,INTERIEUR,BANCHE
GO,POTEAU RECTANGULAIRE,INTERIEUR,BANCHE
GO,POTEAU RECTANGULAIRE,EXTERIEUR,PREFA USINE
GO,POTEAU RECTANGULAIRE,EXTERIEUR,PREFA USINE
GO,POTEAU RECTANGULAIRE,EXTERIEUR,PREFA USINE
GO,POTEAU RECTANGULAIRE,EXTERIEUR,PREFA USINE
GO,POTEAU RECTANGULAIRE,EXTERIEUR,PREFA USINE
GO,POTEAU RECTANGULAIRE,EXTERIEUR,PREFA USINE
GO,POTEAU RECTANGULAIRE,EXTERIEUR,PREFA USINE
GO,POTEAU RECTANGULAIRE,EXTERIEUR,PREFA USINE
GO,POTEAU RECTANGULAIRE,EXTERIEUR,PREFA USINE
GO,POTEAU RECTANGULAIRE,EXTERIEUR,PREFA USINE
GO,POTEAU RECTANGULAIRE,EXTERIEUR,PREFA USINE
GO,POTEAU RECTANGULAIRE,EXTERIEUR,PREFA USINE
GO,POTEAU RECTANGULAIRE,EXTERIEUR,PREFA USINE
GO,POTEAU RECTANGULAIRE,EXTERIEUR,PREFA USINE
GO,POTEAU RECTANGULAIRE,EXTERIEUR,PREFA USINE
GO,POTEAU RECTANGULAIRE,EXTERIEUR,PREFA USINE
GO,POTEAU RECTANGULAIRE,INTERIEUR,BANCHE
GO,POTEAU RECTANGULAIRE,INTERIEUR,BANCHE
GO,POTEAU RECTANGULAIRE,EXTERIEUR,PREFA USINE
GO,POTEAU RECTANGULAIRE,EXTERIEUR,PREFA USINE
GO,POTEAU RECTANGULAIRE,EXTERIEUR,PREFA USINE
GO,POTEAU RECTANGULAIRE,EXTERIEUR,PREFA USINE
GO,POTEAU RECTANGULAIRE,EXTERIEUR,PREFA USINE
GO,POTEAU RECTANGULAIRE,EXTERIEUR,PREFA USINE
GO,POTEAU RECTANGULAIRE,EXTERIEUR,PREFA USINE
GO,POTEAU RECTANGULAIRE,EXTERIEUR,PREFA USINE
GO,POTEAU RECTANGULAIRE,EXTERIEUR,PREFA USINE
GO,POTEAU RECTANGULAIRE,EXTERIEUR,PREFA USINE
GO,POTEAU RECTANGULAIRE,EXTERIEUR,PREFA USINE
GO,POTEAU RECTANGULAIRE,EXTERIEUR,PREFA USINE
GO,POTEAU RECTANGULAIRE,EXTERIEUR,PREFA USINE
GO,POTEAU RECTANGULAIRE,INTERIEUR,BANCHE
GO,POTEAU RECTANGULAIRE,INTERIEUR,BANCHE
GO,POTEAU RECTANGULAIRE,INTERIEUR,BANCHE
GO,POTEAU RECTANGULAIRE,EXTERIEUR,PREFA USINE
GO,POTEAU RECTANGULAIRE,EXTERIEUR,PREFA USINE
GO,POTEAU RECTANGULAIRE,EXTERIEUR,PREFA USINE
GO,POTEAU RECTANGULAIRE,EXTERIEUR,PREFA USINE
GO,POTEAU RECTANGULAIRE,EXTERIEUR,PREFA USINE
GO,POTEAU RECTANGULAIRE,EXTERIEUR,PREFA USINE
GO,POTEAU RECTANGULAIRE,EXTERIEUR,PREFA USINE
GO,POTEAU RECTANGULAIRE,EXTERIEUR,PREFA USINE
GO,POTEAU RECTANGULAIRE,EXTERIEUR,PREFA USINE
GO,POTEAU RECTANGULAIRE,EXTERIEUR,PREFA USINE
GO,POTEAU RECTANGULAIRE,EXTERIEUR,PREFA USINE
GO,POTEAU RECTANGULAIRE,EXTERIEUR,PREFA USINE
GO,POTEAU RECTANGULAIRE,EXTERIEUR,PREFA USINE
GO,POTEAU RECTANGULAIRE,EXTERIEUR,PREFA USINE
GO,POTEAU RECTANGULAIRE,EXTERIEUR,PREFA USINE
GO,POTEAU ANGLE,EXTERIEUR,PREFA USINE
GO,POTEAU RECTANGULAIRE,EXTERIEUR,PREFA USINE
GO,POTEAU RECTANGULAIRE,EXTERIEUR,PREFA USINE
GO,POTEAU RECTANGULAIRE,EXTERIEUR,PREFA USINE
GO,POTEAU RECTANGULAIRE,EXTERIEUR,PREFA USINE
GO,POTEAU ANGLE,EXTERIEUR,PREFA USINE
GO,POTEAU RECTANGULAIRE,EXTERIEUR,PREFA USINE
GO,POTEAU RECTANGULAIRE,EXTERIEUR,PREFA USINE
GO,POTEAU RECTANGULAIRE,EXTERIEUR,PREFA USINE
GO,POTEAU RECTANGULAIRE,EXTERIEUR,PREFA USINE
GO,POTEAU RECTANGULAIRE,EXTERIEUR,PREFA USINE
GO,POTEAU RECTANGULAIRE,EXTERIEUR,PREFA USINE
GO,POTEAU RECTANGULAIRE,EXTERIEUR,PREFA USINE
GO,POTEAU RECTANGULAIRE,EXTERIEUR,PREFA USINE
GO,POTEAU RECTANGULAIRE,EXTERIEUR,PREFA USINE
GO,POTEAU ANGLE,EXTERIEUR,PREFA USINE
GO,POTEAU ANGLE,EXTERIEUR,PREFA USINE
GO,POTEAU RECTANGULAIRE,EXTERIEUR,PREFA USINE
GO,POTEAU RECTANGULAIRE,EXTERIEUR,PREFA USINE
GO,POTEAU RECTANGULAIRE,EXTERIEUR,PREFA USINE
GO,POTEAU RECTANGULAIRE,EXTERIEUR,PREFA USINE
GO,POTEAU RECTANGULAIRE,EXTERIEUR,PREFA USINE
GO,POTEAU RECTANGULAIRE,EXTERIEUR,PREFA USINE
GO,POTEAU RECTANGULAIRE,EXTERIEUR,PREFA USINE
GO,POTEAU RECTANGULAIRE,EXTERIEUR,PREFA USINE
GO,POTEAU RECTANGULAIRE,EXTERIEUR,PREFA USINE
GO,POTEAU RECTANGULAIRE,EXTERIEUR,PREFA USINE
GO,POTEAU RECTANGULAIRE,EXTERIEUR,PREFA USINE
GO,POTEAU RECTANGULAIRE,EXTERIEUR,PREFA USINE
GO,POTEAU RECTANGULAIRE,EXTERIEUR,PREFA USINE
GO,POTEAU RECTANGULAIRE,EXTERIEUR,PREFA USINE
GO,POTEAU RECTANGULAIRE,EXTERIEUR,PREFA USINE
GO,POTEAU RECTANGULAIRE,EXTERIEUR,PREFA USINE
GO,POTEAU RECTANGULAIRE,EXTERIEUR,PREFA USINE
GO,POTEAU CIRCULAIRE,INTERIEUR,CARTON
GO,POTEAU ANGLE,EXTERIEUR,PREFA USINE
GO,POTEAU RECTANGULAIRE,EXTERIEUR,PREFA USINE
GO,POTEAU RECTANGULAIRE,EXTERIEUR,PREFA USINE
GO,POTEAU RECTANGULAIRE,EXTERIEUR,PREFA USINE
GO,POTEAU RECTANGULAIRE,EXTERIEUR,PREFA USINE
GO,POTEAU ANGLE,EXTERIEUR,PREFA USINE
GO,POTEAU RECTANGULAIRE,EXTERIEUR,PREFA USINE
GO,POTEAU RECTANGULAIRE,EXTERIEUR,PREFA USINE
GO,POTEAU RECTANGULAIRE,EXTERIEUR,PREFA USINE
GO,POTEAU RECTANGULAIRE,EXTERIEUR,PREFA USINE
GO,POTEAU RECTANGULAIRE,EXTERIEUR,PREFA USINE
GO,POTEAU RECTANGULAIRE,EXTERIEUR,PREFA USINE
GO,POTEAU RECTANGULAIRE,EXTERIEUR,PREFA USINE
GO,POTEAU RECTANGULAIRE,EXTERIEUR,PREFA USINE
GO,POTEAU RECTANGULAIRE,EXTERIEUR,PREFA USINE
GO,POTEAU ANGLE,EXTERIEUR,PREFA USINE
GO,POTEAU ANGLE,EXTERIEUR,PREFA USINE
GO,POTEAU RECTANGULAIRE,EXTERIEUR,PREFA USINE
GO,POTEAU RECTANGULAIRE,EXTERIEUR,PREFA USINE
GO,POTEAU RECTANGULAIRE,EXTERIEUR,PREFA USINE
GO,POTEAU RECTANGULAIRE,EXTERIEUR,PREFA USINE
GO,POTEAU RECTANGULAIRE,EXTERIEUR,PREFA USINE
GO,POTEAU RECTANGULAIRE,EXTERIEUR,PREFA USINE
GO,POTEAU RECTANGULAIRE,EXTERIEUR,PREFA USINE
GO,POTEAU RECTANGULAIRE,EXTERIEUR,PREFA USINE
GO,POTEAU RECTANGULAIRE,EXTERIEUR,PREFA USINE
GO,POTEAU RECTANGULAIRE,EXTERIEUR,PREFA USINE
GO,POTEAU RECTANGULAIRE,EXTERIEUR,PREFA USINE
GO,POTEAU RECTANGULAIRE,EXTERIEUR,PREFA USINE
GO,POTEAU RECTANGULAIRE,EXTERIEUR,PREFA USINE
GO,POTEAU RECTANGULAIRE,EXTERIEUR,PREFA USINE
GO,POTEAU RECTANGULAIRE,EXTERIEUR,PREFA USINE
GO,POTEAU RECTANGULAIRE,EXTERIEUR,PREFA USINE
GO,POTEAU RECTANGULAIRE,EXTERIEUR,PREFA USINE
GO,POTEAU CIRCULAIRE,INTERIEUR,CARTON
GO,POTEAU ANGLE,EXTERIEUR,PREFA USINE
GO,POTEAU RECTANGULAIRE,EXTERIEUR,PREFA USINE
GO,POTEAU RECTANGULAIRE,EXTERIEUR,PREFA USINE
GO,POTEAU RECTANGULAIRE,EXTERIEUR,PREFA USINE
GO,POTEAU RECTANGULAIRE,EXTERIEUR,PREFA USINE
GO,POTEAU ANGLE,EXTERIEUR,PREFA USINE
GO,POTEAU RECTANGULAIRE,EXTERIEUR,PREFA USINE
GO,POTEAU RECTANGULAIRE,EXTERIEUR,PREFA USINE
GO,POTEAU RECTANGULAIRE,EXTERIEUR,PREFA USINE
GO,POTEAU RECTANGULAIRE,EXTERIEUR,PREFA USINE
GO,POTEAU RECTANGULAIRE,EXTERIEUR,PREFA USINE
GO,POTEAU RECTANGULAIRE,EXTERIEUR,PREFA USINE
GO,POTEAU RECTANGULAIRE,EXTERIEUR,PREFA USINE
GO,POTEAU RECTANGULAIRE,EXTERIEUR,PREFA USINE
GO,POTEAU RECTANGULAIRE,EXTERIEUR,PREFA USINE
GO,POTEAU ANGLE,EXTERIEUR,PREFA USINE
GO,POTEAU ANGLE,EXTERIEUR,PREFA USINE
GO,POTEAU RECTANGULAIRE,EXTERIEUR,PREFA USINE
GO,POTEAU RECTANGULAIRE,EXTERIEUR,PREFA USINE
GO,POTEAU RECTANGULAIRE,EXTERIEUR,PREFA USINE
GO,POTEAU RECTANGULAIRE,EXTERIEUR,PREFA USINE
GO,POTEAU RECTANGULAIRE,EXTERIEUR,PREFA USINE
GO,POTEAU RECTANGULAIRE,EXTERIEUR,PREFA USINE
GO,POTEAU RECTANGULAIRE,EXTERIEUR,PREFA USINE
GO,POTEAU RECTANGULAIRE,EXTERIEUR,PREFA USINE
GO,POTEAU RECTANGULAIRE,EXTERIEUR,PREFA USINE
GO,POTEAU RECTANGULAIRE,EXTERIEUR,PREFA USINE
GO,POTEAU RECTANGULAIRE,EXTERIEUR,PREFA USINE
GO,POTEAU RECTANGULAIRE,EXTERIEUR,PREFA USINE
GO,POTEAU RECTANGULAIRE,EXTERIEUR,PREFA USINE
GO,POTEAU RECTANGULAIRE,EXTERIEUR,PREFA USINE
GO,POTEAU RECTANGULAIRE,EXTERIEUR,PREFA USINE
GO,POTEAU RECTANGULAIRE,EXTERIEUR,PREFA USINE
GO,POTEAU RECTANGULAIRE,EXTERIEUR,PREFA USINE
GO,POTEAU CIRCULAIRE,INTERIEUR,CARTON
GO,POTEAU RECTANGULAIRE,EXTERIEUR,PREFA USINE
GO,POTEAU RECTANGULAIRE,EXTERIEUR,PREFA USINE
GO,POTEAU RECTANGULAIRE,EXTERIEUR,PREFA USINE
GO,POTEAU RECTANGULAIRE,EXTERIEUR,PREFA USINE
GO,POTEAU RECTANGULAIRE,EXTERIEUR,PREFA USINE
GO,POTEAU RECTANGULAIRE,EXTERIEUR,PREFA USINE
GO,POTEAU RECTANGULAIRE,EXTERIEUR,PREFA USINE
GO,POTEAU RECTANGULAIRE,EXTERIEUR,PREFA USINE
GO,POTEAU ANGLE,EXTERIEUR,PREFA USINE
GO,POTEAU RECTANGULAIRE,EXTERIEUR,PREFA USINE
GO,POTEAU RECTANGULAIRE,EXTERIEUR,PREFA USINE
GO,POTEAU RECTANGULAIRE,EXTERIEUR,PREFA USINE
GO,POTEAU RECTANGULAIRE,EXTERIEUR,PREFA USINE
GO,POTEAU ANGLE,EXTERIEUR,PREFA USINE
GO,POTEAU RECTANGULAIRE,EXTERIEUR,PREFA USINE
GO,POTEAU RECTANGULAIRE,EXTERIEUR,PREFA USINE
GO,POTEAU RECTANGULAIRE,EXTERIEUR,PREFA USINE
GO,POTEAU RECTANGULAIRE,EXTERIEUR,PREFA USINE
GO,POTEAU RECTANGULAIRE,EXTERIEUR,PREFA USINE
GO,POTEAU RECTANGULAIRE,EXTERIEUR,PREFA USINE
GO,POTEAU RECTANGULAIRE,EXTERIEUR,PREFA USINE
GO,POTEAU RECTANGULAIRE,EXTERIEUR,PREFA USINE
GO,POTEAU ANGLE,EXTERIEUR,PREFA USINE
GO,POTEAU RECTANGULAIRE,EXTERIEUR,PREFA USINE
GO,POTEAU RECTANGULAIRE,EXTERIEUR,PREFA USINE
GO,POTEAU RECTANGULAIRE,EXTERIEUR,PREFA USINE
GO,POTEAU RECTANGULAIRE,EXTERIEUR,PREFA USINE
GO,POTEAU ANGLE,EXTERIEUR,PREFA USINE
GO,POTEAU RECTANGULAIRE,EXTERIEUR,PREFA USINE
GO,POTEAU RECTANGULAIRE,INTERIEUR,BANCHE
GO,POTEAU RECTANGULAIRE,INTERIEUR,BANCHE
GO,POTEAU RECTANGULAIRE,INTERIEUR,BANCHE
GO,POTEAU RECTANGULAIRE,INTERIEUR,BANCHE
GO,POTEAU RECTANGULAIRE,INTERIEUR,BANCHE
GO,POTEAU RECTANGULAIRE,INTERIEUR,BANCHE
GO,POTEAU RECTANGULAIRE,INTERIEUR,BANCHE
GO,POTEAU RECTANGULAIRE,INTERIEUR,BANCHE
GO,POTEAU RECTANGULAIRE,INTERIEUR,BANCHE
GO,POTEAU RECTANGULAIRE,INTERIEUR,BANCHE
GO,POTEAU RECTANGULAIRE,INTERIEUR,BANCHE
GO,POTEAU RECTANGULAIRE,INTERIEUR,BANCHE
GO,POTEAU RECTANGULAIRE,INTERIEUR,BANCHE
GO,POTEAU RECTANGULAIRE,INTERIEUR,BANCHE
GO,POTEAU RECTANGULAIRE,INTERIEUR,BANCHE
GO,POTEAU RECTANGULAIRE,INTERIEUR,BANCHE
GO,POTEAU RECTANGULAIRE,INTERIEUR,BANCHE
GO,POTEAU RECTANGULAIRE,INTERIEUR,BANCHE
GO,POTEAU RECTANGULAIRE,INTERIEUR,BANCHE
GO,POTEAU RECTANGULAIRE,EXTERIEUR,PREFA USINE
GO,POTEAU RECTANGULAIRE,EXTERIEUR,PREFA USINE
GO,POTEAU RECTANGULAIRE,EXTERIEUR,PREFA USINE
GO,POTEAU RECTANGULAIRE,EXTERIEUR,PREFA USINE
GO,POTEAU RECTANGULAIRE,EXTERIEUR,PREFA USINE
GO,POTEAU RECTANGULAIRE,EXTERIEUR,PREFA USINE
GO,POTEAU RECTANGULAIRE,EXTERIEUR,PREFA USINE
GO,POTEAU RECTANGULAIRE,EXTERIEUR,PREFA USINE
GO,POTEAU RECTANGULAIRE,EXTERIEUR,PREFA USINE
GO,POTEAU RECTANGULAIRE,EXTERIEUR,PREFA USINE
GO,POTEAU RECTANGULAIRE,EXTERIEUR,PREFA USINE
GO,POTEAU RECTANGULAIRE,EXTERIEUR,PREFA USINE
GO,POTEAU RECTANGULAIRE,EXTERIEUR,PREFA USINE
GO,POTEAU RECTANGULAIRE,EXTERIEUR,PREFA USINE
GO,POTEAU RECTANGULAIRE,EXTERIEUR,PREFA USINE
GO,POTEAU RECTANGULAIRE,EXTERIEUR,PREFA USINE
GO,POTEAU RECTANGULAIRE,INTERIEUR,BANCHE
GO,POTEAU RECTANGULAIRE,INTERIEUR,BANCHE
GO,POTEAU RECTANGULAIRE,INTERIEUR,BANCHE
GO,POTEAU RECTANGULAIRE,EXTERIEUR,PREFA USINE
GO,POTEAU RECTANGULAIRE,EXTERIEUR,PREFA USINE
GO,POTEAU RECTANGULAIRE,EXTERIEUR,PREFA USINE
GO,POTEAU RECTANGULAIRE,EXTERIEUR,PREFA USINE
GO,POTEAU RECTANGULAIRE,EXTERIEUR,PREFA USINE
GO,POTEAU RECTANGULAIRE,EXTERIEUR,PREFA USINE
GO,POTEAU RECTANGULAIRE,EXTERIEUR,PREFA USINE
GO,POTEAU RECTANGULAIRE,INTERIEUR,BANCHE
GO,POTEAU RECTANGULAIRE,INTERIEUR,BANCHE
GO,POTEAU RECTANGULAIRE,EXTERIEUR,PREFA USINE
GO,POTEAU RECTANGULAIRE,EXTERIEUR,PREFA USINE
GO,POTEAU RECTANGULAIRE,EXTERIEUR,PREFA USINE
GO,POTEAU RECTANGULAIRE,EXTERIEUR,PREFA USINE
GO,POTEAU RECTANGULAIRE,EXTERIEUR,PREFA USINE
GO,POTEAU RECTANGULAIRE,EXTERIEUR,PREFA USINE
GO,POTEAU RECTANGULAIRE,EXTERIEUR,PREFA USINE
GO,POTEAU RECTANGULAIRE,INTERIEUR,BANCHE
GO,POTEAU RECTANGULAIRE,EXTERIEUR,PREFA USINE
GO,POTEAU RECTANGULAIRE,EXTERIEUR,PREFA USINE
GO,POTEAU RECTANGULAIRE,EXTERIEUR,PREFA USINE
GO,POTEAU RECTANGULAIRE,EXTERIEUR,PREFA USINE
GO,POTEAU RECTANGULAIRE,EXTERIEUR,PREFA USINE
GO,POTEAU RECTANGULAIRE,EXTERIEUR,PREFA USINE
GO,POTEAU RECTANGULAIRE,EXTERIEUR,PREFA USINE
GO,POTEAU RECTANGULAIRE,EXTERIEUR,PREFA USINE
GO,POTEAU RECTANGULAIRE,EXTERIEUR,PREFA USINE
GO,POTEAU RECTANGULAIRE,EXTERIEUR,PREFA USINE
GO,POTEAU RECTANGULAIRE,EXTERIEUR,PREFA USINE
GO,POTEAU RECTANGULAIRE,EXTERIEUR,PREFA USINE
GO,POTEAU RECTANGULAIRE,EXTERIEUR,PREFA USINE
GO,POTEAU RECTANGULAIRE,EXTERIEUR,PREFA USINE
GO,POTEAU RECTANGULAIRE,EXTERIEUR,PREFA USINE
GO,POTEAU RECTANGULAIRE,EXTERIEUR,PREFA USINE
GO,POTEAU RECTANGULAIRE,INTERIEUR,BANCHE
GO,POTEAU RECTANGULAIRE,INTERIEUR,BANCHE
GO,POTEAU RECTANGULAIRE,INTERIEUR,BANCHE
GO,POTEAU RECTANGULAIRE,INTERIEUR,BANCHE
GO,POTEAU RECTANGULAIRE,INTERIEUR,BANCHE
GO,POTEAU RECTANGULAIRE,EXTERIEUR,PREFA USINE
GO,POTEAU RECTANGULAIRE,EXTERIEUR,PREFA USINE
GO,POTEAU RECTANGULAIRE,EXTERIEUR,PREFA USINE
GO,POTEAU RECTANGULAIRE,EXTERIEUR,PREFA USINE
GO,POTEAU RECTANGULAIRE,EXTERIEUR,PREFA USINE
GO,POTEAU RECTANGULAIRE,EXTERIEUR,PREFA USINE
GO,POTEAU RECTANGULAIRE,EXTERIEUR,PREFA USINE
GO,POTEAU RECTANGULAIRE,EXTERIEUR,PREFA USINE
GO,POTEAU RECTANGULAIRE,EXTERIEUR,PREFA USINE
GO,POTEAU RECTANGULAIRE,EXTERIEUR,PREFA USINE
GO,POTEAU RECTANGULAIRE,EXTERIEUR,PREFA USINE
GO,POTEAU ANGLE,EXTERIEUR,PREFA USINE
GO,POTEAU RECTANGULAIRE,EXTERIEUR,PREFA USINE
GO,POTEAU RECTANGULAIRE,EXTERIEUR,PREFA USINE
GO,POTEAU RECTANGULAIRE,EXTERIEUR,PREFA USINE
GO,POTEAU RECTANGULAIRE,EXTERIEUR,PREFA USINE
GO,POTEAU RECTANGULAIRE,EXTERIEUR,PREFA USINE
GO,POTEAU RECTANGULAIRE,EXTERIEUR,PREFA USINE
GO,POTEAU RECTANGULAIRE,EXTERIEUR,PREFA USINE
GO,POTEAU RECTANGULAIRE,EXTERIEUR,PREFA USINE
GO,POTEAU RECTANGULAIRE,EXTERIEUR,PREFA USINE
GO,POTEAU RECTANGULAIRE,EXTERIEUR,PREFA USINE
GO,POTEAU RECTANGULAIRE,INTERIEUR,BANCHE
GO,POTEAU RECTANGULAIRE,INTERIEUR,BANCHE
GO,POTEAU RECTANGULAIRE,INTERIEUR,BANCHE
GO,POTEAU RECTANGULAIRE,EXTERIEUR,PREFA USINE
GO,POTEAU RECTANGULAIRE,EXTERIEUR,PREFA USINE
GO,POTEAU RECTANGULAIRE,EXTERIEUR,PREFA USINE
GO,POTEAU RECTANGULAIRE,EXTERIEUR,PREFA USINE
GO,POTEAU RECTANGULAIRE,EXTERIEUR,PREFA USINE
GO,POTEAU RECTANGULAIRE,EXTERIEUR,PREFA USINE
GO,POTEAU RECTANGULAIRE,EXTERIEUR,PREFA USINE
GO,POTEAU RECTANGULAIRE,EXTERIEUR,PREFA USINE
GO,POTEAU RECTANGULAIRE,EXTERIEUR,PREFA USINE
GO,POTEAU RECTANGULAIRE,EXTERIEUR,PREFA USINE
GO,POTEAU RECTANGULAIRE,EXTERIEUR,PREFA USINE
GO,POTEAU RECTANGULAIRE,EXTERIEUR,PREFA USINE
GO,POTEAU RECTANGULAIRE,EXTERIEUR,PREFA USINE
GO,POTEAU RECTANGULAIRE,EXTERIEUR,PREFA USINE
GO,POTEAU RECTANGULAIRE,EXTERIEUR,PREFA USINE
GO,POTEAU ANGLE,EXTERIEUR,PREFA USINE
GO,POTEAU RECTANGULAIRE,EXTERIEUR,PREFA USINE
GO,POTEAU RECTANGULAIRE,EXTERIEUR,PREFA USINE
GO,POTEAU RECTANGULAIRE,EXTERIEUR,PREFA USINE
GO,POTEAU RECTANGULAIRE,EXTERIEUR,PREFA USINE
GO,POTEAU RECTANGULAIRE,EXTERIEUR,PREFA USINE
GO,POTEAU RECTANGULAIRE,EXTERIEUR,PREFA USINE
GO,POTEAU ANGLE,EXTERIEUR,PREFA USINE
GO,POTEAU RECTANGULAIRE,EXTERIEUR,PREFA USINE
GO,POTEAU ANGLE,EXTERIEUR,PREFA USINE
GO,POTEAU RECTANGULAIRE,EXTERIEUR,PREFA USINE
GO,POTEAU RECTANGULAIRE,EXTERIEUR,PREFA USINE
GO,POTEAU RECTANGULAIRE,EXTERIEUR,PREFA USINE
GO,POTEAU RECTANGULAIRE,EXTERIEUR,PREFA USINE
GO,POTEAU RECTANGULAIRE,EXTERIEUR,PREFA USINE
GO,POTEAU RECTANGULAIRE,EXTERIEUR,PREFA USINE
GO,POTEAU ANGLE,EXTERIEUR,PREFA USINE
GO,POTEAU RECTANGULAIRE,EXTERIEUR,PREFA USINE
GO,POTEAU RECTANGULAIRE,EXTERIEUR,PREFA USINE
GO,POTEAU RECTANGULAIRE,EXTERIEUR,PREFA USINE
GO,POTEAU RECTANGULAIRE,EXTERIEUR,PREFA USINE
GO,POTEAU RECTANGULAIRE,EXTERIEUR,PREFA USINE
GO,POTEAU RECTANGULAIRE,EXTERIEUR,PREFA USINE
GO,POTEAU RECTANGULAIRE,EXTERIEUR,PREFA USINE
GO,POTEAU RECTANGULAIRE,EXTERIEUR,PREFA USINE
GO,POTEAU RECTANGULAIRE,EXTERIEUR,PREFA USINE
GO,POTEAU RECTANGULAIRE,EXTERIEUR,PREFA USINE
GO,POTEAU RECTANGULAIRE,EXTERIEUR,PREFA USINE
GO,POTEAU RECTANGULAIRE,EXTERIEUR,PREFA USINE
GO,POTEAU RECTANGULAIRE,EXTERIEUR,PREFA USINE
GO,POTEAU RECTANGULAIRE,EXTERIEUR,PREFA USINE
GO,POTEAU ANGLE,EXTERIEUR,PREFA USINE
GO,POTEAU ANGLE,EXTERIEUR,PREFA USINE
GO,POTEAU RECTANGULAIRE,EXTERIEUR,PREFA USINE
GO,POTEAU RECTANGULAIRE,EXTERIEUR,PREFA USINE
GO,POTEAU RECTANGULAIRE,EXTERIEUR,PREFA USINE
GO,POTEAU RECTANGULAIRE,EXTERIEUR,PREFA USINE
GO,POTEAU RECTANGULAIRE,EXTERIEUR,PREFA USINE
GO,POTEAU ANGLE,EXTERIEUR,PREFA USINE
GO,POTEAU ANGLE,EXTERIEUR,PREFA USINE
GO,POTEAU RECTANGULAIRE,EXTERIEUR,PREFA USINE
GO,POTEAU ANGLE,EXTERIEUR,PREFA USINE
GO,POTEAU RECTANGULAIRE,EXTERIEUR,PREFA USINE
GO,POTEAU RECTANGULAIRE,EXTERIEUR,PREFA USINE
GO,POTEAU RECTANGULAIRE,EXTERIEUR,PREFA USINE
GO,POTEAU RECTANGULAIRE,EXTERIEUR,PREFA USINE
GO,POTEAU RECTANGULAIRE,EXTERIEUR,PREFA USINE
GO,POTEAU RECTANGULAIRE,EXTERIEUR,PREFA USINE
GO,POTEAU ANGLE,EXTERIEUR,PREFA USINE
GO,POTEAU RECTANGULAIRE,EXTERIEUR,PREFA USINE
GO,POTEAU RECTANGULAIRE,EXTERIEUR,PREFA USINE
GO,POTEAU RECTANGULAIRE,EXTERIEUR,PREFA USINE
GO,POTEAU RECTANGULAIRE,EXTERIEUR,PREFA USINE
GO,POTEAU RECTANGULAIRE,EXTERIEUR,PREFA USINE
GO,POTEAU RECTANGULAIRE,EXTERIEUR,PREFA USINE
GO,POTEAU RECTANGULAIRE,EXTERIEUR,PREFA USINE
GO,POTEAU RECTANGULAIRE,EXTERIEUR,PREFA USINE
GO,POTEAU RECTANGULAIRE,EXTERIEUR,PREFA USINE
GO,POTEAU RECTANGULAIRE,EXTERIEUR,PREFA USINE
GO,POTEAU RECTANGULAIRE,EXTERIEUR,PREFA USINE
GO,POTEAU RECTANGULAIRE,EXTERIEUR,PREFA USINE
GO,POTEAU RECTANGULAIRE,EXTERIEUR,PREFA USINE
GO,POTEAU RECTANGULAIRE,EXTERIEUR,PREFA USINE
GO,POTEAU RECTANGULAIRE,EXTERIEUR,PREFA USINE
GO,POTEAU ANGLE,EXTERIEUR,PREFA USINE
GO,POTEAU ANGLE,EXTERIEUR,PREFA USINE
GO,POTEAU RECTANGULAIRE,EXTERIEUR,PREFA USINE
GO,POTEAU ANGLE,EXTERIEUR,PREFA USINE
GO,POTEAU RECTANGULAIRE,EXTERIEUR,PREFA USINE
GO,POTEAU RECTANGULAIRE,EXTERIEUR,PREFA USINE
GO,POTEAU RECTANGULAIRE,EXTERIEUR,PREFA USINE
GO,POTEAU RECTANGULAIRE,EXTERIEUR,PREFA USINE
GO,POTEAU RECTANGULAIRE,EXTERIEUR,PREFA USINE
GO,POTEAU RECTANGULAIRE,EXTERIEUR,PREFA USINE
GO,POTEAU RECTANGULAIRE,EXTERIEUR,PREFA USINE
GO,POTEAU RECTANGULAIRE,EXTERIEUR,PREFA USINE
GO,POTEAU RECTANGULAIRE,EXTERIEUR,PREFA USINE
GO,POTEAU RECTANGULAIRE,EXTERIEUR,PREFA USINE
GO,POTEAU RECTANGULAIRE,EXTERIEUR,PREFA USINE
GO,POTEAU RECTANGULAIRE,EXTERIEUR,PREFA USINE
GO,POTEAU RECTANGULAIRE,EXTERIEUR,PREFA USINE
GO,POTEAU RECTANGULAIRE,EXTERIEUR,PREFA USINE
GO,POTEAU RECTANGULAIRE,EXTERIEUR,PREFA USINE
GO,POTEAU RECTANGULAIRE,EXTERIEUR,PREFA USINE
GO,POTEAU ANGLE,EXTERIEUR,PREFA USINE
GO,POTEAU RECTANGULAIRE,EXTERIEUR,PREFA USINE
GO,POTEAU RECTANGULAIRE,EXTERIEUR,PREFA USINE
GO,POTEAU RECTANGULAIRE,EXTERIEUR,PREFA USINE
GO,POTEAU RECTANGULAIRE,EXTERIEUR,PREFA USINE
GO,POTEAU ANGLE,EXTERIEUR,PREFA USINE
GO,POTEAU ANGLE,EXTERIEUR,PREFA USINE
GO,POTEAU ANGLE,EXTERIEUR,PREFA USINE
GO,POTEAU RECTANGULAIRE,EXTERIEUR,PREFA USINE
GO,POTEAU RECTANGULAIRE,EXTERIEUR,PREFA USINE
GO,POTEAU RECTANGULAIRE,EXTERIEUR,PREFA USINE
GO,POTEAU RECTANGULAIRE,EXTERIEUR,PREFA USINE
GO,POTEAU RECTANGULAIRE,EXTERIEUR,PREFA USINE
GO,POTEAU RECTANGULAIRE,EXTERIEUR,PREFA USINE
GO,POTEAU RECTANGULAIRE,EXTERIEUR,PREFA USINE
GO,POTEAU RECTANGULAIRE,EXTERIEUR,PREFA USINE
GO,POTEAU RECTANGULAIRE,EXTERIEUR,PREFA USINE
GO,POTEAU RECTANGULAIRE,EXTERIEUR,PREFA USINE
GO,POTEAU RECTANGULAIRE,EXTERIEUR,PREFA USINE
GO,POTEAU RECTANGULAIRE,EXTERIEUR,PREFA USINE
GO,POTEAU RECTANGULAIRE,EXTERIEUR,PREFA USINE
GO,POTEAU RECTANGULAIRE,EXTERIEUR,PREFA USINE
GO,POTEAU RECTANGULAIRE,EXTERIEUR,PREFA USINE
GO,POTEAU RECTANGULAIRE,EXTERIEUR,PREFA USINE
GO,POTEAU ANGLE,EXTERIEUR,PREFA USINE
GO,POTEAU RECTANGULAIRE,EXTERIEUR,PREFA USINE
GO,POTEAU RECTANGULAIRE,EXTERIEUR,PREFA USINE
GO,POTEAU RECTANGULAIRE,EXTERIEUR,PREFA USINE
GO,POTEAU RECTANGULAIRE,EXTERIEUR,PREFA USINE
GO,POTEAU RECTANGULAIRE,EXTERIEUR,PREFA USINE
GO,POTEAU ANGLE,EXTERIEUR,PREFA USINE
GO,POTEAU ANGLE,EXTERIEUR,PREFA USINE
GO,POTEAU RECTANGULAIRE,EXTERIEUR,PREFA USINE
GO,POTEAU RECTANGULAIRE,EXTERIEUR,PREFA USINE
GO,POTEAU RECTANGULAIRE,EXTERIEUR,PREFA USINE
GO,POTEAU RECTANGULAIRE,EXTERIEUR,PREFA USINE
GO,POTEAU RECTANGULAIRE,EXTERIEUR,PREFA USINE
GO,POTEAU RECTANGULAIRE,EXTERIEUR,PREFA USINE
GO,POTEAU RECTANGULAIRE,EXTERIEUR,PREFA USINE
GO,POTEAU RECTANGULAIRE,EXTERIEUR,PREFA USINE
GO,POTEAU RECTANGULAIRE,EXTERIEUR,PREFA USINE
GO,POTEAU RECTANGULAIRE,EXTERIEUR,PREFA USINE
GO,POTEAU RECTANGULAIRE,EXTERIEUR,PREFA USINE
GO,POTEAU RECTANGULAIRE,EXTERIEUR,PREFA USINE
GO,POTEAU RECTANGULAIRE,EXTERIEUR,PREFA USINE
GO,POTEAU RECTANGULAIRE,EXTERIEUR,PREFA USINE
GO,POTEAU RECTANGULAIRE,EXTERIEUR,PREFA USINE
GO,POTEAU RECTANGULAIRE,EXTERIEUR,PREFA USINE
GO,POTEAU RECTANGULAIRE,EXTERIEUR,PREFA USINE
GO,POTEAU RECTANGULAIRE,EXTERIEUR,PREFA USINE
GO,POTEAU RECTANGULAIRE,EXTERIEUR,PREFA USINE
GO,POTEAU RECTANGULAIRE,EXTERIEUR,PREFA USINE
GO,POTEAU RECTANGULAIRE,EXTERIEUR,PREFA USINE
GO,POTEAU ANGLE,EXTERIEUR,PREFA USINE
GO,POTEAU ANGLE,EXTERIEUR,PREFA USINE
GO,POTEAU RECTANGULAIRE,EXTERIEUR,PREFA USINE
GO,POTEAU RECTANGULAIRE,EXTERIEUR,PREFA USINE
GO,POTEAU RECTANGULAIRE,EXTERIEUR,PREFA USINE
GO,POTEAU RECTANGULAIRE,EXTERIEUR,PREFA USINE
GO,POTEAU RECTANGULAIRE,EXTERIEUR,PREFA USINE
GO,POTEAU RECTANGULAIRE,EXTERIEUR,PREFA USINE
GO,POTEAU RECTANGULAIRE,EXTERIEUR,PREFA USINE
GO,POTEAU RECTANGULAIRE,EXTERIEUR,PREFA USINE
GO,POTEAU RECTANGULAIRE,EXTERIEUR,PREFA USINE
GO,POTEAU RECTANGULAIRE,EXTERIEUR,PREFA USINE
GO,POTEAU RECTANGULAIRE,EXTERIEUR,PREFA USINE
GO,POTEAU RECTANGULAIRE,EXTERIEUR,PREFA USINE
GO,POTEAU RECTANGULAIRE,EXTERIEUR,PREFA USINE
GO,POTEAU RECTANGULAIRE,EXTERIEUR,PREFA USINE
GO,POTEAU RECTANGULAIRE,EXTERIEUR,PREFA USINE
GO,POTEAU RECTANGULAIRE,EXTERIEUR,PREFA USINE
GO,POTEAU RECTANGULAIRE,EXTERIEUR,PREFA USINE
GO,POTEAU RECTANGULAIRE,EXTERIEUR,PREFA USINE
GO,POTEAU RECTANGULAIRE,EXTERIEUR,PREFA USINE
GO,POTEAU RECTANGULAIRE,EXTERIEUR,PREFA USINE
GO,POTEAU RECTANGULAIRE,EXTERIEUR,PREFA USINE
GO,POTEAU ANGLE,EXTERIEUR,PREFA USINE
GO,POTEAU ANGLE,EXTERIEUR,PREFA USINE
GO,POTEAU ANGLE,EXTERIEUR,PREFA USINE
GO,POTEAU ANGLE,EXTERIEUR,PREFA USINE
GO,POTEAU RECTANGULAIRE,EXTERIEUR,PREFA USINE
GO,POTEAU RECTANGULAIRE,EXTERIEUR,PREFA USINE
GO,POTEAU RECTANGULAIRE,EXTERIEUR,PREFA USINE
GO,POTEAU RECTANGULAIRE,EXTERIEUR,PREFA USINE
GO,POTEAU RECTANGULAIRE,EXTERIEUR,PREFA USINE
GO,POTEAU RECTANGULAIRE,EXTERIEUR,PREFA USINE
GO,POTEAU RECTANGULAIRE,EXTERIEUR,PREFA USINE
GO,POTEAU RECTANGULAIRE,EXTERIEUR,PREFA USINE
GO,POTEAU RECTANGULAIRE,EXTERIEUR,PREFA USINE
GO,POTEAU RECTANGULAIRE,EXTERIEUR,PREFA USINE
GO,POTEAU RECTANGULAIRE,EXTERIEUR,PREFA USINE
GO,POTEAU RECTANGULAIRE,EXTERIEUR,PREFA USINE
GO,POTEAU RECTANGULAIRE,EXTERIEUR,PREFA USINE
GO,POTEAU RECTANGULAIRE,EXTERIEUR,PREFA USINE
GO,POTEAU RECTANGULAIRE,EXTERIEUR,PREFA USINE
GO,POTEAU RECTANGULAIRE,EXTERIEUR,PREFA USINE
GO,POTEAU RECTANGULAIRE,EXTERIEUR,PREFA USINE
GO,POTEAU RECTANGULAIRE,EXTERIEUR,PREFA USINE
GO,POTEAU RECTANGULAIRE,EXTERIEUR,PREFA USINE
GO,POTEAU RECTANGULAIRE,EXTERIEUR,PREFA USINE
GO,POTEAU RECTANGULAIRE,EXTERIEUR,PREFA USINE
GO,POTEAU ANGLE,EXTERIEUR,PREFA USINE
GO,POTEAU ANGLE,EXTERIEUR,PREFA USINE
GO,POTEAU RECTANGULAIRE,EXTERIEUR,PREFA USINE
GO,POTEAU RECTANGULAIRE,EXTERIEUR,PREFA USINE
GO,POTEAU RECTANGULAIRE,EXTERIEUR,PREFA USINE
GO,POTEAU RECTANGULAIRE,EXTERIEUR,PREFA USINE
GO,POTEAU RECTANGULAIRE,EXTERIEUR,PREFA USINE
GO,POTEAU RECTANGULAIRE,EXTERIEUR,PREFA USINE
GO,POTEAU RECTANGULAIRE,EXTERIEUR,PREFA USINE
GO,POTEAU RECTANGULAIRE,EXTERIEUR,PREFA USINE
GO,POTEAU RECTANGULAIRE,EXTERIEUR,PREFA USINE
GO,POTEAU RECTANGULAIRE,EXTERIEUR,PREFA USINE
GO,POTEAU RECTANGULAIRE,EXTERIEUR,PREFA USINE
GO,POTEAU RECTANGULAIRE,EXTERIEUR,PREFA USINE
GO,POTEAU RECTANGULAIRE,EXTERIEUR,PREFA USINE
GO,POTEAU RECTANGULAIRE,EXTERIEUR,PREFA USINE
GO,POTEAU RECTANGULAIRE,EXTERIEUR,PREFA USINE
GO,POTEAU RECTANGULAIRE,EXTERIEUR,PREFA USINE
GO,POTEAU RECTANGULAIRE,EXTERIEUR,PREFA USINE
GO,POTEAU RECTANGULAIRE,EXTERIEUR,PREFA USINE
GO,POTEAU RECTANGULAIRE,EXTERIEUR,PREFA USINE
GO,POTEAU RECTANGULAIRE,EXTERIEUR,PREFA USINE
GO,POTEAU RECTANGULAIRE,EXTERIEUR,PREFA USINE
GO,POTEAU ANGLE,EXTERIEUR,PREFA USINE
GO,POTEAU ANGLE,EXTERIEUR,PREFA USINE
GO,POTEAU ANGLE,EXTERIEUR,PREFA USINE
GO,POTEAU ANGLE,EXTERIEUR,PREFA USINE
GO,POTEAU ANGLE,EXTERIEUR,PREFA USINE
GO,POTEAU ANGLE,EXTERIEUR,PREFA USINE
GO,POTEAU RECTANGULAIRE,EXTERIEUR,PREFA USINE
GO,POTEAU RECTANGULAIRE,EXTERIEUR,PREFA USINE
GO,POTEAU RECTANGULAIRE,EXTERIEUR,PREFA USINE
GO,POTEAU RECTANGULAIRE,EXTERIEUR,PREFA USINE
GO,POTEAU RECTANGULAIRE,EXTERIEUR,PREFA USINE
GO,POTEAU RECTANGULAIRE,EXTERIEUR,PREFA USINE
GO,POTEAU RECTANGULAIRE,EXTERIEUR,PREFA USINE
GO,POTEAU RECTANGULAIRE,EXTERIEUR,PREFA USINE
GO,POTEAU RECTANGULAIRE,EXTERIEUR,PREFA USINE
GO,POTEAU RECTANGULAIRE,EXTERIEUR,PREFA USINE
GO,POTEAU RECTANGULAIRE,EXTERIEUR,PREFA USINE
GO,POTEAU RECTANGULAIRE,EXTERIEUR,PREFA USINE
GO,POTEAU RECTANGULAIRE,EXTERIEUR,PREFA USINE
GO,POTEAU RECTANGULAIRE,EXTERIEUR,PREFA USINE
GO,POTEAU RECTANGULAIRE,EXTERIEUR,PREFA USINE
GO,POTEAU RECTANGULAIRE,EXTERIEUR,PREFA USINE
GO,POTEAU RECTANGULAIRE,INTERIEUR,BANCHE
GO,POTEAU RECTANGULAIRE,EXTERIEUR,PREFA USINE
GO,POTEAU RECTANGULAIRE,EXTERIEUR,PREFA USINE
GO,POTEAU RECTANGULAIRE,EXTERIEUR,PREFA USINE
GO,POTEAU RECTANGULAIRE,EXTERIEUR,PREFA USINE
GO,POTEAU ANGLE,EXTERIEUR,PREFA USINE
GO,POTEAU ANGLE,EXTERIEUR,PREFA USINE
GO,POTEAU RECTANGULAIRE,EXTERIEUR,PREFA USINE
GO,POTEAU RECTANGULAIRE,EXTERIEUR,PREFA USINE
GO,POTEAU RECTANGULAIRE,EXTERIEUR,PREFA USINE
GO,POTEAU RECTANGULAIRE,EXTERIEUR,PREFA USINE
GO,POTEAU RECTANGULAIRE,EXTERIEUR,PREFA USINE
GO,POTEAU RECTANGULAIRE,EXTERIEUR,PREFA USINE
GO,POTEAU RECTANGULAIRE,EXTERIEUR,PREFA USINE
GO,POTEAU RECTANGULAIRE,EXTERIEUR,PREFA USINE
GO,POTEAU RECTANGULAIRE,EXTERIEUR,PREFA USINE
GO,POTEAU RECTANGULAIRE,EXTERIEUR,PREFA USINE
GO,POTEAU RECTANGULAIRE,EXTERIEUR,PREFA USINE
GO,POTEAU RECTANGULAIRE,EXTERIEUR,PREFA USINE
GO,POTEAU RECTANGULAIRE,EXTERIEUR,PREFA USINE
GO,POTEAU RECTANGULAIRE,EXTERIEUR,PREFA USINE
GO,POTEAU RECTANGULAIRE,EXTERIEUR,PREFA USINE
GO,POTEAU RECTANGULAIRE,EXTERIEUR,PREFA USINE
GO,POTEAU RECTANGULAIRE,EXTERIEUR,PREFA USINE
GO,POTEAU RECTANGULAIRE,EXTERIEUR,PREFA USINE
GO,POTEAU RECTANGULAIRE,EXTERIEUR,PREFA USINE
GO,POTEAU RECTANGULAIRE,EXTERIEUR,PREFA USINE
GO,POTEAU RECTANGULAIRE,EXTERIEUR,PREFA USINE
GO,POTEAU ANGLE,EXTERIEUR,PREFA USINE
GO,POTEAU ANGLE,EXTERIEUR,PREFA USINE
GO,POTEAU ANGLE,EXTERIEUR,PREFA USINE
GO,POTEAU ANGLE,EXTERIEUR,PREFA USINE
GO,POTEAU ANGLE,EXTERIEUR,PREFA USINE
GO,POTEAU RECTANGULAIRE,EXTERIEUR,PREFA USINE
GO,POTEAU RECTANGULAIRE,EXTERIEUR,PREFA USINE
GO,POTEAU RECTANGULAIRE,EXTERIEUR,PREFA USINE
GO,POTEAU RECTANGULAIRE,EXTERIEUR,PREFA USINE
GO,POTEAU RECTANGULAIRE,EXTERIEUR,PREFA USINE
GO,POTEAU RECTANGULAIRE,EXTERIEUR,PREFA USINE
GO,POTEAU RECTANGULAIRE,EXTERIEUR,PREFA USINE
GO,POTEAU RECTANGULAIRE,EXTERIEUR,PREFA USINE
GO,POTEAU RECTANGULAIRE,EXTERIEUR,PREFA USINE
GO,POTEAU RECTANGULAIRE,EXTERIEUR,PREFA USINE
GO,POTEAU RECTANGULAIRE,EXTERIEUR,PREFA USINE
GO,POTEAU RECTANGULAIRE,EXTERIEUR,PREFA USINE
GO,POTEAU RECTANGULAIRE,EXTERIEUR,PREFA USINE
GO,POTEAU RECTANGULAIRE,EXTERIEUR,PREFA USINE
GO,POTEAU RECTANGULAIRE,EXTERIEUR,PREFA USINE
GO,POTEAU RECTANGULAIRE,EXTERIEUR,PREFA USINE
GO,POTEAU RECTANGULAIRE,EXTERIEUR,PREFA USINE
GO,POTEAU RECTANGULAIRE,EXTERIEUR,PREFA USINE
GO,POTEAU RECTANGULAIRE,EXTERIEUR,PREFA USINE
GO,POTEAU RECTANGULAIRE,EXTERIEUR,PREFA USINE
GO,POTEAU RECTANGULAIRE,EXTERIEUR,PREFA USINE
GO,POTEAU RECTANGULAIRE,EXTERIEUR,PREFA USINE
GO,POTEAU RECTANGULAIRE,EXTERIEUR,PREFA USINE
GO,POTEAU RECTANGULAIRE,EXTERIEUR,PREFA USINE
GO,POTEAU RECTANGULAIRE,EXTERIEUR,PREFA USINE
GO,POTEAU RECTANGULAIRE,EXTERIEUR,PREFA USINE
GO,POTEAU RECTANGULAIRE,EXTERIEUR,PREFA USINE
GO,POTEAU RECTANGULAIRE,EXTERIEUR,PREFA USINE
GO,POTEAU RECTANGULAIRE,EXTERIEUR,PREFA USINE
GO,POTEAU RECTANGULAIRE,EXTERIEUR,PREFA USINE
GO,POTEAU RECTANGULAIRE,EXTERIEUR,PREFA USINE
GO,POTEAU RECTANGULAIRE,EXTERIEUR,PREFA USINE
GO,POTEAU RECTANGULAIRE,EXTERIEUR,PREFA USINE
GO,POTEAU RECTANGULAIRE,EXTERIEUR,PREFA USINE
GO,POTEAU RECTANGULAIRE,EXTERIEUR,PREFA USINE
GO,POTEAU RECTANGULAIRE,EXTERIEUR,PREFA USINE
GO,POTEAU RECTANGULAIRE,EXTERIEUR,PREFA USINE
GO,POTEAU RECTANGULAIRE,EXTERIEUR,PREFA USINE
GO,POTEAU RECTANGULAIRE,EXTERIEUR,PREFA USINE
GO,POTEAU RECTANGULAIRE,INTERIEUR,BANCHE
GO,POTEAU RECTANGULAIRE,INTERIEUR,BANCHE
GO,POTEAU RECTANGULAIRE,INTERIEUR,BANCHE
GO,POTEAU RECTANGULAIRE,INTERIEUR,BANCHE
GO,POTEAU RECTANGULAIRE,INTERIEUR,BANCHE
GO,POTEAU RECTANGULAIRE,INTERIEUR,BANCHE
GO,POTEAU RECTANGULAIRE,INTERIEUR,BANCHE
GO,POTEAU RECTANGULAIRE,INTERIEUR,BANCHE
GO,POTEAU RECTANGULAIRE,INTERIEUR,BANCHE
GO,POTEAU RECTANGULAIRE,INTERIEUR,BANCHE
GO,POTEAU RECTANGULAIRE,EXTERIEUR,PREFA USINE
GO,POTEAU RECTANGULAIRE,EXTERIEUR,PREFA USINE
GO,POTEAU RECTANGULAIRE,EXTERIEUR,PREFA USINE
GO,POTEAU RECTANGULAIRE,EXTERIEUR,PREFA USINE
GO,POTEAU RECTANGULAIRE,EXTERIEUR,PREFA USINE
GO,POTEAU RECTANGULAIRE,EXTERIEUR,PREFA USINE
GO,POTEAU RECTANGULAIRE,EXTERIEUR,PREFA USINE
GO,POTEAU RECTANGULAIRE,EXTERIEUR,PREFA USINE
GO,POTEAU RECTANGULAIRE,EXTERIEUR,PREFA USINE
GO,POTEAU RECTANGULAIRE,EXTERIEUR,PREFA USINE
GO,POTEAU RECTANGULAIRE,EXTERIEUR,PREFA USINE
GO,POTEAU RECTANGULAIRE,INTERIEUR,BANCHE
GO,POTEAU RECTANGULAIRE,INTERIEUR,BANCHE
GO,POTEAU RECTANGULAIRE,INTERIEUR,BANCHE
GO,POTEAU RECTANGULAIRE,INTERIEUR,BANCHE
GO,POTEAU RECTANGULAIRE,INTERIEUR,BANCHE
GO,POTEAU RECTANGULAIRE,INTERIEUR,BANCHE
GO,POTEAU RECTANGULAIRE,INTERIEUR,BANCHE
GO,POTEAU RECTANGULAIRE,INTERIEUR,BANCHE
GO,POTEAU RECTANGULAIRE,INTERIEUR,BANCHE
GO,POTEAU RECTANGULAIRE,INTERIEUR,BANCHE
GO,POTEAU RECTANGULAIRE,EXTERIEUR,PREFA USINE
GO,POTEAU RECTANGULAIRE,EXTERIEUR,PREFA USINE
GO,POTEAU RECTANGULAIRE,EXTERIEUR,PREFA USINE
GO,POTEAU RECTANGULAIRE,EXTERIEUR,PREFA USINE
GO,POTEAU RECTANGULAIRE,EXTERIEUR,PREFA USINE
GO,POTEAU RECTANGULAIRE,EXTERIEUR,PREFA USINE
GO,POTEAU RECTANGULAIRE,EXTERIEUR,PREFA USINE
GO,POTEAU RECTANGULAIRE,EXTERIEUR,PREFA USINE
GO,POTEAU RECTANGULAIRE,EXTERIEUR,PREFA USINE
GO,POTEAU RECTANGULAIRE,EXTERIEUR,PREFA USINE
GO,POTEAU RECTANGULAIRE,EXTERIEUR,PREFA USINE
GO,POTEAU RECTANGULAIRE,EXTERIEUR,PREFA USINE
GO,POTEAU RECTANGULAIRE,EXTERIEUR,PREFA USINE
GO,POTEAU RECTANGULAIRE,EXTERIEUR,PREFA USINE
GO,POTEAU RECTANGULAIRE,EXTERIEUR,PREFA USINE
GO,POTEAU RECTANGULAIRE,EXTERIEUR,PREFA USINE
GO,POTEAU RECTANGULAIRE,EXTERIEUR,PREFA USINE
GO,POTEAU RECTANGULAIRE,EXTERIEUR,PREFA USINE
GO,POTEAU RECTANGULAIRE,EXTERIEUR,PREFA USINE
GO,POTEAU RECTANGULAIRE,EXTERIEUR,PREFA USINE
GO,POTEAU RECTANGULAIRE,EXTERIEUR,PREFA USINE
GO,POTEAU RECTANGULAIRE,EXTERIEUR,PREFA USINE
GO,POTEAU RECTANGULAIRE,EXTERIEUR,PREFA USINE
GO,POTEAU RECTANGULAIRE,EXTERIEUR,PREFA USINE
GO,POTEAU RECTANGULAIRE,EXTERIEUR,PREFA USINE
GO,POTEAU RECTANGULAIRE,EXTERIEUR,PREFA USINE
GO,POTEAU RECTANGULAIRE,EXTERIEUR,PREFA USINE
GO,POTEAU RECTANGULAIRE,EXTERIEUR,PREFA USINE
GO,POTEAU RECTANGULAIRE,EXTERIEUR,PREFA USINE
GO,POTEAU RECTANGULAIRE,EXTERIEUR,PREFA USINE
GO,POTEAU RECTANGULAIRE,EXTERIEUR,PREFA USINE
GO,POTEAU RECTANGULAIRE,EXTERIEUR,PREFA USINE
GO,POTEAU RECTANGULAIRE,EXTERIEUR,PREFA USINE
GO,POTEAU RECTANGULAIRE,EXTERIEUR,PREFA USINE
GO,POTEAU RECTANGULAIRE,EXTERIEUR,PREFA USINE
GO,POTEAU RECTANGULAIRE,INTERIEUR,BANCHE
GO,POTEAU RECTANGULAIRE,EXTERIEUR,PREFA USINE
GO,POTEAU RECTANGULAIRE,INTERIEUR,BANCHE
GO,POTEAU RECTANGULAIRE,INTERIEUR,BANCHE
GO,POTEAU RECTANGULAIRE,INTERIEUR,BANCHE
GO,POTEAU RECTANGULAIRE,INTERIEUR,BANCHE
GO,POTEAU RECTANGULAIRE,INTERIEUR,BANCHE
GO,POTEAU RECTANGULAIRE,INTERIEUR,BANCHE
GO,POTEAU RECTANGULAIRE,INTERIEUR,BANCHE
GO,POTEAU RECTANGULAIRE,INTERIEUR,BANCHE
GO,POTEAU RECTANGULAIRE,INTERIEUR,BANCHE
GO,POTEAU RECTANGULAIRE,INTERIEUR,BANCHE
GO,POTEAU RECTANGULAIRE,INTERIEUR,BANCHE
GO,POTEAU ANGLE,EXTERIEUR,PREFA USINE
GO,POTEAU RECTANGULAIRE,EXTERIEUR,PREFA USINE
GO,POTEAU ANGLE,EXTERIEUR,PREFA USINE
GO,POTEAU ANGLE,EXTERIEUR,PREFA USINE
GO,POTEAU ANGLE,EXTERIEUR,PREFA USINE
GO,POTEAU ANGLE,EXTERIEUR,PREFA USINE
GO,POTEAU ANGLE,EXTERIEUR,PREFA USINE
GO,POTEAU RECTANGULAIRE,EXTERIEUR,PREFA USINE
GO,POTEAU RECTANGULAIRE,EXTERIEUR,PREFA USINE
GO,POTEAU RECTANGULAIRE,EXTERIEUR,PREFA USINE
GO,POTEAU RECTANGULAIRE,INTERIEUR,BANCHE
GO,POTEAU RECTANGULAIRE,INTERIEUR,BANCHE
GO,POTEAU ANGLE,EXTERIEUR,PREFA USINE
GO,POTEAU RECTANGULAIRE,EXTERIEUR,PREFA USINE
GO,POTEAU ANGLE,EXTERIEUR,PREFA USINE
GO,POTEAU RECTANGULAIRE,EXTERIEUR,PREFA USINE
GO,POTEAU ANGLE,EXTERIEUR,PREFA USINE
GO,POTEAU RECTANGULAIRE,EXTERIEUR,PREFA USINE
GO,POTEAU RECTANGULAIRE,EXTERIEUR,PREFA USINE
GO,POTEAU RECTANGULAIRE,EXTERIEUR,PREFA USINE
GO,POTEAU RECTANGULAIRE,INTERIEUR,BANCHE
GO,POTEAU RECTANGULAIRE,INTERIEUR,BANCHE
GO,POTEAU RECTANGULAIRE,INTERIEUR,BANCHE
GO,POTEAU RECTANGULAIRE,INTERIEUR,BANCHE
GO,POTEAU RECTANGULAIRE,INTERIEUR,BANCHE
GO,POTEAU RECTANGULAIRE,INTERIEUR,BANCHE
GO,POTEAU RECTANGULAIRE,INTERIEUR,BANCHE
GO,POTEAU RECTANGULAIRE,INTERIEUR,BANCHE
GO,POTEAU RECTANGULAIRE,INTERIEUR,BANCHE
GO,POTEAU RECTANGULAIRE,INTERIEUR,BANCHE
GO,POTEAU RECTANGULAIRE,INTERIEUR,BANCHE
GO,POTEAU RECTANGULAIRE,INTERIEUR,BANCHE
GO,POTEAU RECTANGULAIRE,INTERIEUR,BANCHE
GO,POTEAU RECTANGULAIRE,INTERIEUR,BANCHE
GO,POTEAU RECTANGULAIRE,INTERIEUR,BANCHE
GO,POTEAU RECTANGULAIRE,INTERIEUR,BANCHE
GO,POTEAU RECTANGULAIRE,INTERIEUR,BANCHE
GO,POTEAU RECTANGULAIRE,INTERIEUR,BANCHE
GO,POTEAU RECTANGULAIRE,INTERIEUR,BANCHE
GO,POTEAU RECTANGULAIRE,INTERIEUR,BANCHE
GO,POTEAU RECTANGULAIRE,INTERIEUR,BANCHE
GO,POTEAU RECTANGULAIRE,INTERIEUR,BANCHE
GO,POTEAU RECTANGULAIRE,INTERIEUR,BANCHE
GO,POTEAU RECTANGULAIRE,INTERIEUR,BANCHE
GO,POTEAU RECTANGULAIRE,INTERIEUR,BANCHE
GO,POTEAU RECTANGULAIRE,INTERIEUR,BANCHE
GO,POTEAU RECTANGULAIRE,INTERIEUR,BANCHE
GO,POTEAU RECTANGULAIRE,INTERIEUR,BANCHE
GO,POTEAU RECTANGULAIRE,INTERIEUR,BANCHE
GO,POTEAU RECTANGULAIRE,INTERIEUR,BANCHE
GO,POTEAU RECTANGULAIRE,INTERIEUR,BANCHE
GO,POTEAU RECTANGULAIRE,INTERIEUR,BANCHE
GO,POTEAU RECTANGULAIRE,INTERIEUR,BANCHE
GO,POTEAU RECTANGULAIRE,INTERIEUR,BANCHE
GO,POTEAU RECTANGULAIRE,INTERIEUR,BANCHE
GO,POTEAU RECTANGULAIRE,EXTERIEUR,PREFA USINE
GO,POTEAU RECTANGULAIRE,EXTERIEUR,PREFA USINE
GO,POTEAU ANGLE,EXTERIEUR,PREFA USINE
GO,POTEAU ANGLE,EXTERIEUR,PREFA USINE
GO,POTEAU ANGLE,EXTERIEUR,PREFA USINE
GO,POTEAU ANGLE,EXTERIEUR,PREFA USINE
GO,POTEAU ANGLE,EXTERIEUR,PREFA USINE
GO,POTEAU ANGLE,EXTERIEUR,PREFA USINE
GO,POTEAU ANGLE,EXTERIEUR,PREFA USINE
GO,POTEAU ANGLE,EXTERIEUR,PREFA USINE
GO,POTEAU ANGLE,EXTERIEUR,PREFA USINE
GO,POTEAU RECTANGULAIRE,EXTERIEUR,PREFA USINE
GO,POTEAU RECTANGULAIRE,INTERIEUR,BANCHE
GO,POTEAU ANGLE,EXTERIEUR,PREFA USINE
GO,POTEAU ANGLE,EXTERIEUR,PREFA USINE
GO,POTEAU RECTANGULAIRE,EXTERIEUR,PREFA USINE
GO,POTEAU RECTANGULAIRE,INTERIEUR,BANCHE
GO,POTEAU RECTANGULAIRE,INTERIEUR,BANCHE
GO,POTEAU RECTANGULAIRE,INTERIEUR,BANCHE
GO,POTEAU RECTANGULAIRE,INTERIEUR,BANCHE
GO,POTEAU RECTANGULAIRE,INTERIEUR,BANCHE
GO,POTEAU RECTANGULAIRE,INTERIEUR,BANCHE
GO,POTEAU RECTANGULAIRE,INTERIEUR,BANCHE
GO,POTEAU RECTANGULAIRE,EXTERIEUR,BANCHE
GO,POTEAU RECTANGULAIRE,EXTERIEUR,BANCHE
GO,POTEAU RECTANGULAIRE,INTERIEUR,BANCHE
GO,POTEAU RECTANGULAIRE,INTERIEUR,BANCHE
GO,POTEAU RECTANGULAIRE,INTERIEUR,BANCHE
GO,POTEAU RECTANGULAIRE,INTERIEUR,BANCHE
GO,POTEAU RECTANGULAIRE,INTERIEUR,BANCHE
GO,POTEAU RECTANGULAIRE,INTERIEUR,BANCHE
GO,POTEAU RECTANGULAIRE,INTERIEUR,BANCHE
GO,POTEAU RECTANGULAIRE,INTERIEUR,BANCHE
GO,POTEAU RECTANGULAIRE,INTERIEUR,BANCHE
GO,POTEAU RECTANGULAIRE,INTERIEUR,BANCHE
GO,POTEAU RECTANGULAIRE,INTERIEUR,BANCHE
GO,POTEAU RECTANGULAIRE,INTERIEUR,BANCHE
GO,POTEAU RECTANGULAIRE,INTERIEUR,BANCHE
